"context","split","grid_tag","kernel_ratio","n","max_error_voxels","mean_error_voxels","max_geom_error_mm","n_fwhm_reference_failures","validation_method"
"susan_none","external_validation","1p8x1p8x1p8",1.5,10,0.0702399472616622,0.0434262746383493,0.0636857702168432,0,"operator_replay"
"susan_none","validation","1p8x1p8x1p8",1.5,6,0.128256513002206,0.0608937458425718,0.140684415441967,0,"operator_replay"
"susan_none","external_validation","1p8x1p8x4",1.5,10,0.180596507302798,0.127433254785655,0.4097771121224,0,"operator_replay"
"susan_none","validation","1p8x1p8x4",1.5,6,0.125709769987207,0.11052886576309,0.274336858481205,0,"operator_replay"
"susan_none","external_validation","1p8x4x1p8",1.5,10,0.178629569480061,0.121865755562703,0.313006966118005,0,"operator_replay"
"susan_none","validation","1p8x4x1p8",1.5,6,0.121919614898022,0.097915726404001,0.280151156297878,0,"operator_replay"
"susan_none","external_validation","1p8x4x4",1.5,10,0.230487785796941,0.183466024853606,0.582868562286684,0,"operator_replay"
"susan_none","validation","1p8x4x4",1.5,6,0.177232488653544,0.129857545796064,0.457854575283432,0,"operator_replay"
"susan_none","external_validation","2p1x2p1x2p1",1.5,10,0.0852651758367847,0.0496112330405315,0.0862245232079655,0,"operator_replay"
"susan_none","validation","2p1x2p1x2p1",1.5,6,0.140072116548279,0.065465944799746,0.178225196001482,0,"operator_replay"
"susan_none","external_validation","2p1x2p8x3p7",1.5,10,0.135121636182245,0.109486663162031,0.270330237743659,0,"operator_replay"
"susan_none","validation","2p1x2p8x3p7",1.5,6,0.177577984190503,0.124407646477166,0.263033998655045,0,"operator_replay"
"susan_none","external_validation","2p8x2p8x2p8",1.5,10,0.086870477521241,0.0518334225547011,0.12458819690692,0,"operator_replay"
"susan_none","validation","2p8x2p8x2p8",1.5,6,0.167492140032134,0.0799513988385178,0.291709020609559,0,"operator_replay"
"susan_none","external_validation","2x2x2",1.5,10,0.110702646755231,0.0705913477714953,0.133411789845053,0,"operator_replay"
"susan_none","validation","2x2x2",1.5,6,0.136312492107498,0.0635078959292079,0.164199127850219,0,"operator_replay"
"susan_none","external_validation","2x2x4",1.5,10,0.196284521990948,0.132565157688416,0.455475476246055,0,"operator_replay"
"susan_none","validation","2x2x4",1.5,6,0.132670665123488,0.115576285585679,0.285029891598027,0,"operator_replay"
"susan_none","external_validation","3p6x3p6x3p6",1.5,10,0.0768385347111985,0.0511333910793531,0.167706993130164,0,"operator_replay"
"susan_none","validation","3p6x3p6x3p6",1.5,6,0.194661833526744,0.0919066392011156,0.429920060354445,0,"operator_replay"
"susan_none","external_validation","4x1p8x1p8",1.5,10,0.179750277312404,0.129451974341503,0.341801441591586,0,"operator_replay"
"susan_none","validation","4x1p8x1p8",1.5,6,0.129148875609768,0.090784660914042,0.275531691047739,0,"operator_replay"
"susan_none","external_validation","4x1p8x4",1.5,10,0.244566700804173,0.187451396713208,0.600466873414125,0,"operator_replay"
"susan_none","validation","4x1p8x4",1.5,6,0.166718786272607,0.122881095988007,0.458108977073689,0,"operator_replay"
"susan_none","external_validation","4x4x1p8",1.5,10,0.314960547939254,0.229554083777027,0.563519661015001,0,"operator_replay"
"susan_none","validation","4x4x1p8",1.5,6,0.225217992662963,0.134185125199123,0.478969080537015,0,"operator_replay"
"susan_none","external_validation","4x4x4",1.5,10,0.143628527557653,0.0975806391081867,0.430338750402483,0,"operator_replay"
"susan_none","validation","4x4x4",1.5,6,0.19840253258949,0.0977151624648523,0.49313535847463,0,"operator_replay"
"susan_none","external_validation","1p8x1p8x1p8",1.8,10,0.0913890635676259,0.0577242405381597,0.0769193844545732,0,"operator_replay"
"susan_none","validation","1p8x1p8x1p8",1.8,6,0.183096204450968,0.0852086110629584,0.201582577812437,0,"operator_replay"
"susan_none","external_validation","1p8x1p8x4",1.8,10,0.191690729855014,0.13266994752911,0.450266301252862,0,"operator_replay"
"susan_none","validation","1p8x1p8x4",1.8,6,0.168346620467409,0.121562216204283,0.333763853290514,0,"operator_replay"
"susan_none","external_validation","1p8x4x1p8",1.8,10,0.248345081475992,0.164250554598836,0.381957256845026,0,"operator_replay"
"susan_none","validation","1p8x4x1p8",1.8,6,0.180650263954425,0.137784456628504,0.342789448726731,0,"operator_replay"
"susan_none","external_validation","1p8x4x4",1.8,10,0.260858040531312,0.183758399943815,0.443821533052562,0,"operator_replay"
"susan_none","validation","1p8x4x4",1.8,6,0.330620945041061,0.152044369058695,0.337354386100719,0,"operator_replay"
"susan_none","external_validation","2p1x2p1x2p1",1.8,10,0.11263090213911,0.0643132917523522,0.125261947725072,0,"operator_replay"
"susan_none","validation","2p1x2p1x2p1",1.8,6,0.20246240209363,0.0920205832689777,0.261726540448783,0,"operator_replay"
"susan_none","external_validation","2p1x2p8x3p7",1.8,10,0.100250795632862,0.0698824138446909,0.154833871113079,0,"operator_replay"
"susan_none","validation","2p1x2p8x3p7",1.8,6,0.287407638757284,0.124047235979487,0.358053675874988,0,"operator_replay"
"susan_none","external_validation","2p8x2p8x2p8",1.8,10,0.169241809648046,0.0897129323675871,0.334972710612288,0,"operator_replay"
"susan_none","validation","2p8x2p8x2p8",1.8,6,0.254386608730748,0.11517897604603,0.464972132380315,0,"operator_replay"
"susan_none","external_validation","2x2x2",1.8,10,0.134971032975446,0.0750683006889201,0.143636285212541,0,"operator_replay"
"susan_none","validation","2x2x2",1.8,6,0.195635643519199,0.0889333599944998,0.238662861571191,0,"operator_replay"
"susan_none","external_validation","2x2x4",1.8,10,0.183069430527736,0.124366815356786,0.461306058228324,0,"operator_replay"
"susan_none","validation","2x2x4",1.8,6,0.191099254789679,0.121028953969126,0.31250232869896,0,"operator_replay"
"susan_none","external_validation","3p6x3p6x3p6",1.8,10,0.17737771827985,0.0977800975184721,0.478162246208503,0,"operator_replay"
"susan_none","validation","3p6x3p6x3p6",1.8,6,0.30383257195054,0.131390060890171,0.721328460376662,0,"operator_replay"
"susan_none","external_validation","4x1p8x1p8",1.8,10,0.246737211536205,0.175033540382556,0.405317025315368,0,"operator_replay"
"susan_none","validation","4x1p8x1p8",1.8,6,0.190836556178308,0.124929705325573,0.336419489240606,0,"operator_replay"
"susan_none","external_validation","4x1p8x4",1.8,10,0.281453512223015,0.194483867561653,0.472105988890609,0,"operator_replay"
"susan_none","validation","4x1p8x4",1.8,6,0.254666795150143,0.138604736748327,0.324657632727171,0,"operator_replay"
"susan_none","external_validation","4x4x1p8",1.8,10,0.363412921584721,0.252565841115016,0.435245816542169,0,"operator_replay"
"susan_none","validation","4x4x1p8",1.8,6,0.258526521865194,0.17301266430738,0.34628517421712,0,"operator_replay"
"susan_none","external_validation","4x4x4",1.8,10,0.105798888428298,0.0619439551237676,0.277706596944266,0,"operator_replay"
"susan_none","validation","4x4x4",1.8,6,0.310217659444393,0.130192019628099,0.822823683827203,0,"operator_replay"
"susan_none","external_validation","1p8x1p8x1p8",2.25,10,0.143258015933202,0.0869558142318584,0.143837431736644,0,"operator_replay"
"susan_none","validation","1p8x1p8x1p8",2.25,6,0.242187084763952,0.12134826621335,0.250737299459084,0,"operator_replay"
"susan_none","external_validation","1p8x1p8x4",2.25,10,0.153191119685834,0.086491556135371,0.359833774423499,0,"operator_replay"
"susan_none","validation","1p8x1p8x4",2.25,6,0.350840101205199,0.146024714269741,0.343734447539723,0,"operator_replay"
"susan_none","external_validation","1p8x4x1p8",2.25,10,0.265682402019464,0.154564676162881,0.313835740987837,0,"operator_replay"
"susan_none","validation","1p8x4x1p8",2.25,6,0.368904737431417,0.198913380029354,0.367597880962835,0,"operator_replay"
"susan_none","external_validation","1p8x4x4",2.25,10,0.325658693600583,0.192249524032908,0.286543329603463,0,"operator_replay"
"susan_none","validation","1p8x4x4",2.25,6,0.568551645587578,0.213782116769728,0.756215413862789,1,"operator_replay"
"susan_none","external_validation","2p1x2p1x2p1",2.25,10,0.146204331874134,0.0889132204452373,0.155364070529219,0,"operator_replay"
"susan_none","validation","2p1x2p1x2p1",2.25,6,0.268322953488095,0.13169583048323,0.328561230378908,0,"operator_replay"
"susan_none","external_validation","2p1x2p8x3p7",2.25,10,0.14259003023446,0.0741914392535798,0.332509097399477,0,"operator_replay"
"susan_none","validation","2p1x2p8x3p7",2.25,6,0.428293372941479,0.157252519363506,0.60161815834199,0,"operator_replay"
"susan_none","external_validation","2p8x2p8x2p8",2.25,10,0.20095771574559,0.102028401070835,0.404273851420034,0,"operator_replay"
"susan_none","validation","2p8x2p8x2p8",2.25,6,0.334035775592092,0.1516920434237,0.580755129114443,0,"operator_replay"
"susan_none","external_validation","2x2x2",2.25,10,0.195997338806099,0.109916796989875,0.229492351928146,0,"operator_replay"
"susan_none","validation","2x2x2",2.25,6,0.258176089462018,0.127371136412192,0.297369537922177,0,"operator_replay"
"susan_none","external_validation","2x2x4",2.25,10,0.192516795479889,0.117086513308944,0.398715602239421,0,"operator_replay"
"susan_none","validation","2x2x4",2.25,6,0.36309392808286,0.140382572905661,0.438756454141263,0,"operator_replay"
"susan_none","external_validation","3p6x3p6x3p6",2.25,10,0.191397127542917,0.10211230400329,0.517329680404385,0,"operator_replay"
"susan_none","validation","3p6x3p6x3p6",2.25,6,0.36429165023734,0.163710882236134,0.813820024493889,0,"operator_replay"
"susan_none","external_validation","4x1p8x1p8",2.25,10,0.264083835690335,0.154781862098679,0.334141973468689,0,"operator_replay"
"susan_none","validation","4x1p8x1p8",2.25,6,0.290691171246919,0.176325940663001,0.357812999929007,0,"operator_replay"
"susan_none","external_validation","4x1p8x4",2.25,10,0.342115877809256,0.203477198604005,0.33678898850635,0,"operator_replay"
"susan_none","validation","4x1p8x4",2.25,6,0.467991291007048,0.196002093502677,0.720543630107398,1,"operator_replay"
"susan_none","external_validation","4x4x1p8",2.25,10,0.434620672012387,0.282692875833588,0.283205091050838,0,"operator_replay"
"susan_none","validation","4x4x1p8",2.25,6,0.305811167044717,0.233669371558518,0.759082732657854,0,"operator_replay"
"susan_none","external_validation","4x4x4",2.25,10,0.162121654620992,0.0978762802599011,0.491781119406184,0,"operator_replay"
"susan_none","validation","4x4x4",2.25,6,0.343439524735985,0.156161735078698,0.847642216632996,0,"operator_replay"
"susan_none","external_validation","1p8x1p8x1p8",2.7,10,0.169728337787199,0.100857991103394,0.15925271776251,0,"operator_replay"
"susan_none","validation","1p8x1p8x1p8",2.7,6,0.3654253313961,0.170831566906466,0.404871236682541,0,"operator_replay"
"susan_none","external_validation","1p8x1p8x4",2.7,10,0.221996198032645,0.122437816564169,0.358058602912158,0,"operator_replay"
"susan_none","validation","1p8x1p8x4",2.7,6,0.450425719287562,0.183495531816839,0.524709678125949,1,"operator_replay"
"susan_none","external_validation","1p8x4x1p8",2.7,10,0.332556673269082,0.206718315280514,0.302389199080976,0,"operator_replay"
"susan_none","validation","1p8x4x1p8",2.7,6,0.483030303972694,0.273075641281787,0.566173290104643,1,"operator_replay"
"susan_none","external_validation","1p8x4x4",2.7,10,0.540945202893064,0.355898919167057,0.434170015257378,2,"operator_replay"
"susan_none","validation","1p8x4x4",2.7,6,0.629950971946392,0.281289135789586,0.807156942707948,1,"operator_replay"
"susan_none","external_validation","2p1x2p1x2p1",2.7,10,0.198754291271833,0.106963106232281,0.253600902650826,0,"operator_replay"
"susan_none","validation","2p1x2p1x2p1",2.7,6,0.393674196808192,0.183834303156207,0.506821625728822,0,"operator_replay"
"susan_none","external_validation","2p1x2p8x3p7",2.7,10,0.153099481426189,0.0914080875749181,0.399887330813447,0,"operator_replay"
"susan_none","validation","2p1x2p8x3p7",2.7,6,0.570020267168486,0.203824080024759,0.76436258861621,1,"operator_replay"
"susan_none","external_validation","2p8x2p8x2p8",2.7,10,0.21545628215251,0.111568335698109,0.428265929452786,0,"operator_replay"
"susan_none","validation","2p8x2p8x2p8",2.7,6,0.432699384574525,0.195558851665966,0.735135924949327,0,"operator_replay"
"susan_none","external_validation","2x2x2",2.7,10,0.220331521932191,0.118812367022933,0.254136887106742,0,"operator_replay"
"susan_none","validation","2x2x2",2.7,6,0.382859562008218,0.17805592772704,0.467332954209686,0,"operator_replay"
"susan_none","external_validation","2x2x4",2.7,10,0.293553164066134,0.189307439900534,0.456289005142917,0,"operator_replay"
"susan_none","validation","2x2x4",2.7,6,0.458437629571471,0.180781169173239,0.60514915840788,1,"operator_replay"
"susan_none","external_validation","3p6x3p6x3p6",2.7,10,0.146382481328949,0.0863559617790465,0.317794050545702,0,"operator_replay"
"susan_none","validation","3p6x3p6x3p6",2.7,6,0.378893658749863,0.203260351440185,0.786462642371795,0,"operator_replay"
"susan_none","external_validation","4x1p8x1p8",2.7,10,0.335184582410776,0.199447028271953,0.338081500751458,0,"operator_replay"
"susan_none","validation","4x1p8x1p8",2.7,6,0.381413863311889,0.243850104357743,0.53700220084669,0,"operator_replay"
"susan_none","external_validation","4x1p8x4",2.7,10,0.55971283132217,0.364740360785731,0.514628400178054,2,"operator_replay"
"susan_none","validation","4x1p8x4",2.7,6,0.525860485698012,0.25123326644535,0.759367622376462,1,"operator_replay"
"susan_none","external_validation","4x4x1p8",2.7,10,0.643857919988584,0.450080650379901,0.431928072356936,3,"operator_replay"
"susan_none","validation","4x4x1p8",2.7,6,0.424154077362214,0.34126355602741,0.827694323457244,0,"operator_replay"
"susan_none","external_validation","4x4x4",2.7,10,0.290830513701626,0.204581449237208,0.985912518261106,0,"operator_replay"
"susan_none","validation","4x4x4",2.7,6,0.306676126151197,0.205211981262367,0.629670768328181,0,"operator_replay"
"susan_none","external_validation","1p8x1p8x1p8",3,10,0.189248435013133,0.112160687289736,0.181795597863129,0,"operator_replay"
"susan_none","validation","1p8x1p8x1p8",3,6,0.423867872116579,0.200585519776252,0.468858043394938,0,"operator_replay"
"susan_none","external_validation","1p8x1p8x4",3,10,0.209796687769726,0.0923608781560462,0.292631964260734,0,"operator_replay"
"susan_none","validation","1p8x1p8x4",3,6,0.618154626082425,0.221832796487346,0.743174273387366,1,"operator_replay"
"susan_none","external_validation","1p8x4x1p8",3,10,0.314098001076441,0.184450276592196,0.221138005225287,0,"operator_replay"
"susan_none","validation","1p8x4x1p8",3,6,0.657127746143041,0.307921475757894,0.79081706919855,1,"operator_replay"
"susan_none","external_validation","1p8x4x4",3,10,0.684318271534433,0.449356259296472,0.61882613252868,3,"operator_replay"
"susan_none","validation","1p8x4x4",3,6,0.706987475582043,0.312180099332491,0.775597373008722,1,"operator_replay"
"susan_none","external_validation","2p1x2p1x2p1",3,10,0.206326627009663,0.116148170966257,0.259745502636516,0,"operator_replay"
"susan_none","validation","2p1x2p1x2p1",3,6,0.44927664680097,0.215592814136996,0.572906576401973,0,"operator_replay"
"susan_none","external_validation","2p1x2p8x3p7",3,10,0.195765881404855,0.093686159504712,0.298296144252451,0,"operator_replay"
"susan_none","validation","2p1x2p8x3p7",3,6,0.605627134845479,0.226364488117075,0.76523884035001,1,"operator_replay"
"susan_none","external_validation","2p8x2p8x2p8",3,10,0.176727651363038,0.107744842250653,0.317409291252529,0,"operator_replay"
"susan_none","validation","2p8x2p8x2p8",3,6,0.45043734068577,0.232197929172323,0.716363856580196,1,"operator_replay"
"susan_none","external_validation","2x2x2",3,10,0.250290329983481,0.137100804327843,0.307281885854742,0,"operator_replay"
"susan_none","validation","2x2x2",3,6,0.440040023526431,0.208823888307893,0.533310495496421,0,"operator_replay"
"susan_none","external_validation","2x2x4",3,10,0.338188109339595,0.205954364127898,0.485261455879137,0,"operator_replay"
"susan_none","validation","2x2x4",3,6,0.587547666287163,0.216144474118584,0.771671913962603,1,"operator_replay"
"susan_none","external_validation","3p6x3p6x3p6",3,10,0.250966893244102,0.143747127373731,0.658654452163127,0,"operator_replay"
"susan_none","validation","3p6x3p6x3p6",3,6,0.321051534263938,0.244713698716614,0.577702952727849,0,"operator_replay"
"susan_none","external_validation","4x1p8x1p8",3,10,0.322154149656397,0.178730441313056,0.275825285718285,0,"operator_replay"
"susan_none","validation","4x1p8x1p8",3,6,0.546043922914217,0.278598606298056,0.753432111040514,1,"operator_replay"
"susan_none","external_validation","4x1p8x4",3,10,0.708713296469263,0.46112083310408,0.719115511627212,4,"operator_replay"
"susan_none","validation","4x1p8x4",3,6,0.612476300971798,0.297392162819144,0.724584408311898,1,"operator_replay"
"susan_none","external_validation","4x4x1p8",3,10,0.796870727438674,0.542885222290866,0.618732557735465,8,"operator_replay"
"susan_none","validation","4x4x1p8",3,6,0.472661519945641,0.375655486037163,0.791354078153152,1,"operator_replay"
"susan_none","external_validation","4x4x4",3,10,0.438128375702848,0.32855728420833,1.54928112475863,0,"operator_replay"
"susan_none","validation","4x4x4",3,6,0.357788629608347,0.27061348009696,0.865369188734642,0,"operator_replay"
"gaussian_mask","external_validation","1p8x1p8x1p8",1.5,10,0.0689927784751653,0.041237766486585,0.0499690170084532,0,"operator_replay"
"gaussian_mask","validation","1p8x1p8x1p8",1.5,6,0.116135651162208,0.0615059571399499,0.116140373892361,0,"operator_replay"
"gaussian_mask","external_validation","1p8x1p8x4",1.5,10,0.115313121086754,0.0847863933099434,0.176704318813654,0,"operator_replay"
"gaussian_mask","validation","1p8x1p8x4",1.5,6,0.153176209368305,0.0873519947602609,0.224039044891197,0,"operator_replay"
"gaussian_mask","external_validation","1p8x4x1p8",1.5,10,0.144972267158937,0.107200132841573,0.1641328302431,0,"operator_replay"
"gaussian_mask","validation","1p8x4x1p8",1.5,6,0.154806850151547,0.0979187806306558,0.193109371460986,0,"operator_replay"
"gaussian_mask","external_validation","1p8x4x4",1.5,10,0.182143080754698,0.136500300883564,0.11860333638796,0,"operator_replay"
"gaussian_mask","validation","1p8x4x4",1.5,6,0.19726647413424,0.106114693431506,0.261943444661101,0,"operator_replay"
"gaussian_mask","external_validation","2p1x2p1x2p1",1.5,10,0.0887677690164231,0.0486124377189548,0.0883398587340993,0,"operator_replay"
"gaussian_mask","validation","2p1x2p1x2p1",1.5,6,0.1351170877326,0.0708960906013588,0.163964348766547,0,"operator_replay"
"gaussian_mask","external_validation","2p1x2p8x3p7",1.5,10,0.0919577792640299,0.0410703783530276,0.185518559095537,0,"operator_replay"
"gaussian_mask","validation","2p1x2p8x3p7",1.5,6,0.199848246455537,0.085912819501329,0.276854410273789,0,"operator_replay"
"gaussian_mask","external_validation","2p8x2p8x2p8",1.5,10,0.127924708607076,0.068204575498694,0.212875502517066,0,"operator_replay"
"gaussian_mask","validation","2p8x2p8x2p8",1.5,6,0.180259763845444,0.0911735818986332,0.311118193008598,0,"operator_replay"
"gaussian_mask","external_validation","2x2x2",1.5,10,0.0814037659341817,0.0529065597154275,0.082830119211363,0,"operator_replay"
"gaussian_mask","validation","2x2x2",1.5,6,0.129413881045968,0.0675332555355811,0.147048559205524,0,"operator_replay"
"gaussian_mask","external_validation","2x2x4",1.5,10,0.112386903260951,0.0839529484895703,0.151631547307917,0,"operator_replay"
"gaussian_mask","validation","2x2x4",1.5,6,0.163333460839438,0.0875223000671172,0.252891848860232,0,"operator_replay"
"gaussian_mask","external_validation","3p6x3p6x3p6",1.5,10,0.141850417658121,0.0757337132011442,0.336339946997535,0,"operator_replay"
"gaussian_mask","validation","3p6x3p6x3p6",1.5,6,0.2266179309568,0.106272548935989,0.511558779015433,0,"operator_replay"
"gaussian_mask","external_validation","4x1p8x1p8",1.5,10,0.153499675911889,0.130402294929433,0.170026629397042,0,"operator_replay"
"gaussian_mask","validation","4x1p8x1p8",1.5,6,0.110113496351176,0.091361490707199,0.18356529673907,0,"operator_replay"
"gaussian_mask","external_validation","4x1p8x4",1.5,10,0.197713274810951,0.155140660109635,0.13337942784149,0,"operator_replay"
"gaussian_mask","validation","4x1p8x4",1.5,6,0.172013925311334,0.111438576821608,0.251863302340226,0,"operator_replay"
"gaussian_mask","external_validation","4x4x1p8",1.5,10,0.27673833299921,0.204192952713775,0.120320352638982,0,"operator_replay"
"gaussian_mask","validation","4x4x1p8",1.5,6,0.229589475139519,0.150598715929888,0.223911245374507,0,"operator_replay"
"gaussian_mask","external_validation","4x4x4",1.5,10,0.0786487310270989,0.0510479032045972,0.172900921469358,0,"operator_replay"
"gaussian_mask","validation","4x4x4",1.5,6,0.240813039235771,0.107937631460695,0.617589630238315,0,"operator_replay"
"gaussian_mask","external_validation","1p8x1p8x1p8",1.8,10,0.0939081638956254,0.0622844783267979,0.0859777871759908,0,"operator_replay"
"gaussian_mask","validation","1p8x1p8x1p8",1.8,6,0.156572477824284,0.0810214308255455,0.147495690241405,0,"operator_replay"
"gaussian_mask","external_validation","1p8x1p8x4",1.8,10,0.110380034989638,0.0815444181791717,0.12185567678683,0,"operator_replay"
"gaussian_mask","validation","1p8x1p8x4",1.8,6,0.20913123056541,0.103035597970735,0.261830165311341,0,"operator_replay"
"gaussian_mask","external_validation","1p8x4x1p8",1.8,10,0.212549270641123,0.132085020418152,0.113993908015363,0,"operator_replay"
"gaussian_mask","validation","1p8x4x1p8",1.8,6,0.207302769464552,0.137998512725786,0.230772308685499,0,"operator_replay"
"gaussian_mask","external_validation","1p8x4x4",1.8,10,0.243437875127589,0.175402846454154,0.343856413681312,0,"operator_replay"
"gaussian_mask","validation","1p8x4x4",1.8,6,0.291363322510378,0.15770625861418,0.293887323001194,0,"operator_replay"
"gaussian_mask","external_validation","2p1x2p1x2p1",1.8,10,0.121605224784766,0.0692221899707284,0.119843787018542,0,"operator_replay"
"gaussian_mask","validation","2p1x2p1x2p1",1.8,6,0.184017350447441,0.0928450597410341,0.21357835256463,0,"operator_replay"
"gaussian_mask","external_validation","2p1x2p8x3p7",1.8,10,0.124786363206921,0.0591082044977947,0.156233410279747,0,"operator_replay"
"gaussian_mask","validation","2p1x2p8x3p7",1.8,6,0.273024998573101,0.115918646037225,0.327294578855722,0,"operator_replay"
"gaussian_mask","external_validation","2p8x2p8x2p8",1.8,10,0.182874466560794,0.095053701011928,0.312648961968246,0,"operator_replay"
"gaussian_mask","validation","2p8x2p8x2p8",1.8,6,0.254361090933112,0.125917430388544,0.429787713569134,0,"operator_replay"
"gaussian_mask","external_validation","2x2x2",1.8,10,0.12552424949083,0.07712990786263,0.133505146278412,0,"operator_replay"
"gaussian_mask","validation","2x2x2",1.8,6,0.176231941318341,0.0885816230678712,0.19087170369247,0,"operator_replay"
"gaussian_mask","external_validation","2x2x4",1.8,10,0.135025997509443,0.0955395722282358,0.161877747411922,0,"operator_replay"
"gaussian_mask","validation","2x2x4",1.8,6,0.220057650857363,0.103439756446975,0.289850584311319,0,"operator_replay"
"gaussian_mask","external_validation","3p6x3p6x3p6",1.8,10,0.20254579289588,0.102503419001218,0.463996489509948,0,"operator_replay"
"gaussian_mask","validation","3p6x3p6x3p6",1.8,6,0.321139255654498,0.150233418847983,0.722434140548734,0,"operator_replay"
"gaussian_mask","external_validation","4x1p8x1p8",1.8,10,0.205447403383677,0.150395482061234,0.138113861591783,0,"operator_replay"
"gaussian_mask","validation","4x1p8x1p8",1.8,6,0.174027919567702,0.121597009794442,0.220858115145524,0,"operator_replay"
"gaussian_mask","external_validation","4x1p8x4",1.8,10,0.278113691823024,0.208417706623137,0.367928431172374,0,"operator_replay"
"gaussian_mask","validation","4x1p8x4",1.8,6,0.243721104898423,0.155101154393145,0.28143579808884,0,"operator_replay"
"gaussian_mask","external_validation","4x4x1p8",1.8,10,0.358683430493153,0.269612133036904,0.376171257349686,0,"operator_replay"
"gaussian_mask","validation","4x4x1p8",1.8,6,0.320512153919362,0.206855501097645,0.309062168159151,0,"operator_replay"
"gaussian_mask","external_validation","4x4x4",1.8,10,0.120858267814488,0.0809033980000839,0.313305221847732,0,"operator_replay"
"gaussian_mask","validation","4x4x4",1.8,6,0.340443635814853,0.152962901762171,0.865477141240705,0,"operator_replay"
"gaussian_mask","external_validation","1p8x1p8x1p8",2.25,10,0.149036934882042,0.0954124867118838,0.148397880110394,0,"operator_replay"
"gaussian_mask","validation","1p8x1p8x1p8",2.25,6,0.227544148741801,0.125101164577675,0.203570543734457,0,"operator_replay"
"gaussian_mask","external_validation","1p8x1p8x4",2.25,10,0.173260586693636,0.105704862110948,0.266840089335899,0,"operator_replay"
"gaussian_mask","validation","1p8x1p8x4",2.25,6,0.321886392495506,0.161394006783707,0.325337601909168,0,"operator_replay"
"gaussian_mask","external_validation","1p8x4x1p8",2.25,10,0.291826587185955,0.185944165651433,0.258842413561037,0,"operator_replay"
"gaussian_mask","validation","1p8x4x1p8",2.25,6,0.320266646723023,0.220924338054693,0.324531785171962,0,"operator_replay"
"gaussian_mask","external_validation","1p8x4x4",2.25,10,0.323537225271442,0.231410491576775,0.70329382464664,0,"operator_replay"
"gaussian_mask","validation","1p8x4x4",2.25,6,0.488675777896462,0.256498457733124,0.574402368485652,0,"operator_replay"
"gaussian_mask","external_validation","2p1x2p1x2p1",2.25,10,0.175159533257706,0.101198106100192,0.180812542211743,0,"operator_replay"
"gaussian_mask","validation","2p1x2p1x2p1",2.25,6,0.270031835879552,0.140925866678371,0.30101755457418,0,"operator_replay"
"gaussian_mask","external_validation","2p1x2p8x3p7",2.25,10,0.188001092229139,0.0986228580089189,0.249740730456615,0,"operator_replay"
"gaussian_mask","validation","2p1x2p8x3p7",2.25,6,0.418083028827702,0.195184969654579,0.468537646925411,0,"operator_replay"
"gaussian_mask","external_validation","2p8x2p8x2p8",2.25,10,0.259781123654983,0.129452377514784,0.461045568743685,0,"operator_replay"
"gaussian_mask","validation","2p8x2p8x2p8",2.25,6,0.37373870311814,0.18188852874674,0.61178359899219,0,"operator_replay"
"gaussian_mask","external_validation","2x2x2",2.25,10,0.191334250308749,0.112656805622624,0.210530967924468,0,"operator_replay"
"gaussian_mask","validation","2x2x2",2.25,6,0.257358516195083,0.136227163796658,0.266994693205692,0,"operator_replay"
"gaussian_mask","external_validation","2x2x4",2.25,10,0.216020372079806,0.137189878008546,0.35630602955592,0,"operator_replay"
"gaussian_mask","validation","2x2x4",2.25,6,0.337598753098992,0.162965893292065,0.365186331090656,0,"operator_replay"
"gaussian_mask","external_validation","3p6x3p6x3p6",2.25,10,0.279082516634455,0.132063165008468,0.629214652111129,0,"operator_replay"
"gaussian_mask","validation","3p6x3p6x3p6",2.25,6,0.452384724986795,0.215831227300114,1.03528194004158,0,"operator_replay"
"gaussian_mask","external_validation","4x1p8x1p8",2.25,10,0.283788427671869,0.187804093289944,0.253945586701873,0,"operator_replay"
"gaussian_mask","validation","4x1p8x1p8",2.25,6,0.264069353623551,0.186592760714716,0.303485392588481,0,"operator_replay"
"gaussian_mask","external_validation","4x1p8x4",2.25,10,0.396617786881567,0.281327448413111,0.69810376275765,0,"operator_replay"
"gaussian_mask","validation","4x1p8x4",2.25,6,0.343761063496772,0.236739209105813,0.568032739706942,0,"operator_replay"
"gaussian_mask","external_validation","4x4x1p8",2.25,10,0.463505942997591,0.360945726900905,0.741145429342272,0,"operator_replay"
"gaussian_mask","validation","4x4x1p8",2.25,6,0.461479053507443,0.301244916369904,0.574401255936992,0,"operator_replay"
"gaussian_mask","external_validation","4x4x4",2.25,10,0.198482055762297,0.138128736174237,0.611686053143803,0,"operator_replay"
"gaussian_mask","validation","4x4x4",2.25,6,0.465793402189582,0.238825808744034,1.18724949015151,0,"operator_replay"
"gaussian_mask","external_validation","1p8x1p8x1p8",2.7,10,0.188620554679023,0.124318238649701,0.188224579338932,0,"operator_replay"
"gaussian_mask","validation","1p8x1p8x1p8",2.7,6,0.320054737429803,0.181391164290392,0.286073210027514,0,"operator_replay"
"gaussian_mask","external_validation","1p8x1p8x4",2.7,10,0.249291083832245,0.151082650426836,0.449767076590646,0,"operator_replay"
"gaussian_mask","validation","1p8x1p8x4",2.7,6,0.463416420823711,0.236190094576628,0.421432280803019,0,"operator_replay"
"gaussian_mask","external_validation","1p8x4x1p8",2.7,10,0.366233975847774,0.246997275902636,0.456693805119436,0,"operator_replay"
"gaussian_mask","validation","1p8x4x1p8",2.7,6,0.462484418418821,0.319713806720593,0.456002543699166,0,"operator_replay"
"gaussian_mask","external_validation","1p8x4x4",2.7,10,0.41669123602687,0.316695930913364,1.01378024508757,0,"operator_replay"
"gaussian_mask","validation","1p8x4x4",2.7,6,0.700607530906709,0.369569923710296,0.834599341135716,1,"operator_replay"
"gaussian_mask","external_validation","2p1x2p1x2p1",2.7,10,0.23615122218856,0.130974467126555,0.261144357180445,0,"operator_replay"
"gaussian_mask","validation","2p1x2p1x2p1",2.7,6,0.377512253821507,0.203418019367893,0.420020102172544,0,"operator_replay"
"gaussian_mask","external_validation","2p1x2p8x3p7",2.7,10,0.215702155182033,0.128222711735089,0.367144789989089,0,"operator_replay"
"gaussian_mask","validation","2p1x2p8x3p7",2.7,6,0.568915352186236,0.276639151905107,0.63966858992524,1,"operator_replay"
"gaussian_mask","external_validation","2p8x2p8x2p8",2.7,10,0.314933097710585,0.152170805136694,0.549737751897093,0,"operator_replay"
"gaussian_mask","validation","2p8x2p8x2p8",2.7,6,0.496121601276191,0.253970813176188,0.819862906670531,0,"operator_replay"
"gaussian_mask","external_validation","2x2x2",2.7,10,0.242243313802861,0.140908140130643,0.269026969807642,0,"operator_replay"
"gaussian_mask","validation","2x2x2",2.7,6,0.36023722792347,0.19652441469238,0.370511750041703,0,"operator_replay"
"gaussian_mask","external_validation","2x2x4",2.7,10,0.315588778368884,0.202757070671511,0.556660733190514,0,"operator_replay"
"gaussian_mask","validation","2x2x4",2.7,6,0.487741149713577,0.240822058479152,0.490429600955931,0,"operator_replay"
"gaussian_mask","external_validation","3p6x3p6x3p6",2.7,10,0.299555345410041,0.139327617677372,0.585702783633733,0,"operator_replay"
"gaussian_mask","validation","3p6x3p6x3p6",2.7,6,0.55427466275979,0.294993564791611,1.20697891635391,1,"operator_replay"
"gaussian_mask","external_validation","4x1p8x1p8",2.7,10,0.356515864676706,0.237175239683878,0.423316977022989,0,"operator_replay"
"gaussian_mask","validation","4x1p8x1p8",2.7,6,0.363555389301307,0.26826455548505,0.410148413309167,0,"operator_replay"
"gaussian_mask","external_validation","4x1p8x4",2.7,10,0.532759182263532,0.377464697593502,0.995722857268467,1,"operator_replay"
"gaussian_mask","validation","4x1p8x4",2.7,6,0.4666046019082,0.334827217205833,0.830886056002612,0,"operator_replay"
"gaussian_mask","external_validation","4x4x1p8",2.7,10,0.601799528984873,0.480575490908605,1.05545303518695,4,"operator_replay"
"gaussian_mask","validation","4x4x1p8",2.7,6,0.633152175335575,0.422751286569907,0.809170058246124,2,"operator_replay"
"gaussian_mask","external_validation","4x4x4",2.7,10,0.323715257431257,0.249848421602608,1.04990170291612,0,"operator_replay"
"gaussian_mask","validation","4x4x4",2.7,6,0.540080939765533,0.323657235844397,1.28433385011633,1,"operator_replay"
"gaussian_mask","external_validation","1p8x1p8x1p8",3,10,0.216165294869792,0.144547562662011,0.222565471006636,0,"operator_replay"
"gaussian_mask","validation","1p8x1p8x1p8",3,6,0.385732558066187,0.2242868644224,0.341151326184641,0,"operator_replay"
"gaussian_mask","external_validation","1p8x1p8x4",3,10,0.303876785947883,0.188227364440549,0.560431500732316,0,"operator_replay"
"gaussian_mask","validation","1p8x1p8x4",3,6,0.572076154510575,0.294588813851022,0.550412899528088,1,"operator_replay"
"gaussian_mask","external_validation","1p8x4x1p8",3,10,0.415618242621927,0.292135742660722,0.583160169661708,0,"operator_replay"
"gaussian_mask","validation","1p8x4x1p8",3,6,0.568130889937242,0.393292309734916,0.563663340856914,1,"operator_replay"
"gaussian_mask","external_validation","1p8x4x4",3,10,0.50884586067884,0.385822580655752,1.19563489623164,1,"operator_replay"
"gaussian_mask","validation","1p8x4x4",3,6,0.831694386818962,0.44809204820055,0.998788788103013,2,"operator_replay"
"gaussian_mask","external_validation","2p1x2p1x2p1",3,10,0.259379104699211,0.150820433867076,0.276503516911363,0,"operator_replay"
"gaussian_mask","validation","2p1x2p1x2p1",3,6,0.448563356716114,0.251359196648148,0.506934436396583,0,"operator_replay"
"gaussian_mask","external_validation","2p1x2p8x3p7",3,10,0.206126348098998,0.144216436696399,0.461681781816701,0,"operator_replay"
"gaussian_mask","validation","2p1x2p8x3p7",3,6,0.666081141887063,0.32594213912654,0.745314634111113,1,"operator_replay"
"gaussian_mask","external_validation","2p8x2p8x2p8",3,10,0.328080292999208,0.15866407314153,0.537653280412878,0,"operator_replay"
"gaussian_mask","validation","2p8x2p8x2p8",3,6,0.574281018039358,0.308097157819592,0.937861625990001,1,"operator_replay"
"gaussian_mask","external_validation","2x2x2",3,10,0.284699101083913,0.167616214922613,0.333814993091501,0,"operator_replay"
"gaussian_mask","validation","2x2x2",3,6,0.431083307783516,0.242865798751382,0.443462572587291,0,"operator_replay"
"gaussian_mask","external_validation","2x2x4",3,10,0.407608928171089,0.274145853932465,0.719618281162022,0,"operator_replay"
"gaussian_mask","validation","2x2x4",3,6,0.583191651897219,0.296993171228449,0.601782892643314,1,"operator_replay"
"gaussian_mask","external_validation","3p6x3p6x3p6",3,10,0.246022391317148,0.171100599059597,0.472780664833484,0,"operator_replay"
"gaussian_mask","validation","3p6x3p6x3p6",3,6,0.577218710227457,0.34805658037502,1.1296061866364,1,"operator_replay"
"gaussian_mask","external_validation","4x1p8x1p8",3,10,0.405176059377879,0.276689367467353,0.527320954846601,0,"operator_replay"
"gaussian_mask","validation","4x1p8x1p8",3,6,0.437177584356106,0.328983710712673,0.524611831748515,0,"operator_replay"
"gaussian_mask","external_validation","4x1p8x4",3,10,0.640382258716116,0.463767752912668,1.18071801126454,5,"operator_replay"
"gaussian_mask","validation","4x1p8x4",3,6,0.560993203478549,0.405365101389829,0.99536671855669,2,"operator_replay"
"gaussian_mask","external_validation","4x4x1p8",3,10,0.735179038555864,0.581069994356155,1.23545170547912,7,"operator_replay"
"gaussian_mask","validation","4x4x1p8",3,6,0.762067553735028,0.526994737593856,0.95442765530823,3,"operator_replay"
"gaussian_mask","external_validation","4x4x4",3,10,0.467947553805561,0.393532455705475,1.59333527658498,0,"operator_replay"
"gaussian_mask","validation","4x4x4",3,6,0.534294270889659,0.38807424790372,1.10723815489853,1,"operator_replay"
"gaussian_nomask","external_validation","1p8x1p8x1p8",1.5,10,0.111863033668238,0.05798600992569,0.100012806652991,0,"operator_replay"
"gaussian_nomask","validation","1p8x1p8x1p8",1.5,6,0.225697720259981,0.117412507720361,0.276004849671147,0,"operator_replay"
"gaussian_nomask","external_validation","1p8x1p8x4",1.5,10,0.18980618194152,0.14193664093455,0.360860360806952,0,"operator_replay"
"gaussian_nomask","validation","1p8x1p8x4",1.5,6,0.260430020953054,0.153211840323774,0.266123421367944,0,"operator_replay"
"gaussian_nomask","external_validation","1p8x4x1p8",1.5,10,0.183605499090986,0.129413011793873,0.323935833859555,0,"operator_replay"
"gaussian_nomask","validation","1p8x4x1p8",1.5,6,0.261164768573091,0.143401085938618,0.275297638018865,0,"operator_replay"
"gaussian_nomask","external_validation","1p8x4x4",1.5,10,0.179495530835557,0.139054983491719,0.486909776757755,0,"operator_replay"
"gaussian_nomask","validation","1p8x4x4",1.5,6,0.367922851767189,0.171191961678912,0.380562077222146,0,"operator_replay"
"gaussian_nomask","external_validation","2p1x2p1x2p1",1.5,10,0.118310334179179,0.0622487217718379,0.118352577449046,0,"operator_replay"
"gaussian_nomask","validation","2p1x2p1x2p1",1.5,6,0.232542289825109,0.115727636529379,0.317237776510221,0,"operator_replay"
"gaussian_nomask","external_validation","2p1x2p8x3p7",1.5,10,0.120474818670943,0.0895911590969581,0.195639427734753,0,"operator_replay"
"gaussian_nomask","validation","2p1x2p8x3p7",1.5,6,0.306434278223465,0.153603603847274,0.36291569328187,0,"operator_replay"
"gaussian_nomask","external_validation","2p8x2p8x2p8",1.5,10,0.152318864062396,0.0770918055610666,0.240268358509336,0,"operator_replay"
"gaussian_nomask","validation","2p8x2p8x2p8",1.5,6,0.260338044195336,0.12434900770555,0.447641161085795,0,"operator_replay"
"gaussian_nomask","external_validation","2x2x2",1.5,10,0.119527495000437,0.0669891178632593,0.120604179452374,0,"operator_replay"
"gaussian_nomask","validation","2x2x2",1.5,6,0.231197122862758,0.115803796173609,0.303602068234959,0,"operator_replay"
"gaussian_nomask","external_validation","2x2x4",1.5,10,0.187865663465028,0.137511683007497,0.406149004363984,0,"operator_replay"
"gaussian_nomask","validation","2x2x4",1.5,6,0.263137677806012,0.15002942156423,0.271687902752377,0,"operator_replay"
"gaussian_nomask","external_validation","3p6x3p6x3p6",1.5,10,0.165445477021882,0.0794409528930931,0.353308777418932,0,"operator_replay"
"gaussian_nomask","validation","3p6x3p6x3p6",1.5,6,0.304510801753378,0.14250832209133,0.649847706617215,0,"operator_replay"
"gaussian_nomask","external_validation","4x1p8x1p8",1.5,10,0.17610745837421,0.118885778224736,0.335109926146868,0,"operator_replay"
"gaussian_nomask","validation","4x1p8x1p8",1.5,6,0.195107761889801,0.1185586905078,0.2676380566222,0,"operator_replay"
"gaussian_nomask","external_validation","4x1p8x4",1.5,10,0.208926729379378,0.149770461947954,0.506037415069438,0,"operator_replay"
"gaussian_nomask","validation","4x1p8x4",1.5,6,0.25754687938812,0.147285317332419,0.37136194402335,0,"operator_replay"
"gaussian_nomask","external_validation","4x4x1p8",1.5,10,0.293437227815568,0.207347046174319,0.51383138334132,0,"operator_replay"
"gaussian_nomask","validation","4x4x1p8",1.5,6,0.250594261831028,0.163792584799145,0.383833270691762,0,"operator_replay"
"gaussian_nomask","external_validation","4x4x4",1.5,10,0.13809114664233,0.0964047200668024,0.424857222603569,0,"operator_replay"
"gaussian_nomask","validation","4x4x4",1.5,6,0.320865376319726,0.15506746894236,0.780741528353877,0,"operator_replay"
"gaussian_nomask","external_validation","1p8x1p8x1p8",1.8,10,0.113808444276595,0.0709430764461452,0.102314542667377,0,"operator_replay"
"gaussian_nomask","validation","1p8x1p8x1p8",1.8,6,0.255926812679333,0.125483834709427,0.28533472941182,0,"operator_replay"
"gaussian_nomask","external_validation","1p8x1p8x4",1.8,10,0.180142937256734,0.129273832650939,0.388904793467239,0,"operator_replay"
"gaussian_nomask","validation","1p8x1p8x4",1.8,6,0.32330084058869,0.163285776131267,0.312940178003447,0,"operator_replay"
"gaussian_nomask","external_validation","1p8x4x1p8",1.8,10,0.249845158972091,0.156372403726826,0.376888895235162,0,"operator_replay"
"gaussian_nomask","validation","1p8x4x1p8",1.8,6,0.329233828525281,0.184455384267885,0.320232784450785,0,"operator_replay"
"gaussian_nomask","external_validation","1p8x4x4",1.8,10,0.196803275651551,0.129280968703371,0.430808366334837,0,"operator_replay"
"gaussian_nomask","validation","1p8x4x4",1.8,6,0.490816244553906,0.213254465289079,0.567870525156039,0,"operator_replay"
"gaussian_nomask","external_validation","2p1x2p1x2p1",1.8,10,0.139279011283074,0.081379634115869,0.138307281337199,0,"operator_replay"
"gaussian_nomask","validation","2p1x2p1x2p1",1.8,6,0.265182066761837,0.129726959779846,0.328644564969259,0,"operator_replay"
"gaussian_nomask","external_validation","2p1x2p8x3p7",1.8,10,0.153090700887855,0.0751166872510608,0.195499568098665,0,"operator_replay"
"gaussian_nomask","validation","2p1x2p8x3p7",1.8,6,0.376181611820349,0.16482074536404,0.481260076058305,0,"operator_replay"
"gaussian_nomask","external_validation","2p8x2p8x2p8",1.8,10,0.191081174864556,0.0949060380655493,0.3168661700265,0,"operator_replay"
"gaussian_nomask","validation","2p8x2p8x2p8",1.8,6,0.310327899539969,0.155669745153891,0.496471289079282,0,"operator_replay"
"gaussian_nomask","external_validation","2x2x2",1.8,10,0.180665719816648,0.105239597357172,0.211024737860021,0,"operator_replay"
"gaussian_nomask","validation","2x2x2",1.8,6,0.262340644349734,0.128347216232741,0.312818858531428,0,"operator_replay"
"gaussian_nomask","external_validation","2x2x4",1.8,10,0.180328332904183,0.127008608833167,0.433745639581628,0,"operator_replay"
"gaussian_nomask","validation","2x2x4",1.8,6,0.326589787577966,0.159958537618097,0.333739854329441,0,"operator_replay"
"gaussian_nomask","external_validation","3p6x3p6x3p6",1.8,10,0.231675329346772,0.108786778513238,0.548716733090197,0,"operator_replay"
"gaussian_nomask","validation","3p6x3p6x3p6",1.8,6,0.375868828255996,0.179880452964131,0.814658535129871,0,"operator_replay"
"gaussian_nomask","external_validation","4x1p8x1p8",1.8,10,0.241582804731585,0.159160737389186,0.380176490730472,0,"operator_replay"
"gaussian_nomask","validation","4x1p8x1p8",1.8,6,0.234017047673535,0.158868612759059,0.311428810757611,0,"operator_replay"
"gaussian_nomask","external_validation","4x1p8x4",1.8,10,0.244191844404119,0.153638447858604,0.424448061891984,0,"operator_replay"
"gaussian_nomask","validation","4x1p8x4",1.8,6,0.336247083828385,0.183792527506824,0.538320787305673,0,"operator_replay"
"gaussian_nomask","external_validation","4x4x1p8",1.8,10,0.340185067720341,0.238637324599738,0.456071854357286,0,"operator_replay"
"gaussian_nomask","validation","4x4x1p8",1.8,6,0.324717088017932,0.233865857400625,0.562735042414913,0,"operator_replay"
"gaussian_nomask","external_validation","4x4x4",1.8,10,0.129935432754244,0.0948811630194805,0.371212632377215,0,"operator_replay"
"gaussian_nomask","validation","4x4x4",1.8,6,0.394399756991402,0.193114856405903,0.992160562149019,0,"operator_replay"
"gaussian_nomask","external_validation","1p8x1p8x1p8",2.25,10,0.187234208528317,0.114274136180533,0.207279877885365,0,"operator_replay"
"gaussian_nomask","validation","1p8x1p8x1p8",2.25,6,0.314752396974356,0.168223045160939,0.313479142600595,0,"operator_replay"
"gaussian_nomask","external_validation","1p8x1p8x4",2.25,10,0.191011974708164,0.119552003423945,0.385263044486441,0,"operator_replay"
"gaussian_nomask","validation","1p8x1p8x4",2.25,6,0.437884482849162,0.207581682956495,0.435083212591437,0,"operator_replay"
"gaussian_nomask","external_validation","1p8x4x1p8",2.25,10,0.315957140050922,0.200819700174313,0.404769004699687,0,"operator_replay"
"gaussian_nomask","validation","1p8x4x1p8",2.25,6,0.450520669503946,0.272143823678738,0.455150998363211,0,"operator_replay"
"gaussian_nomask","external_validation","1p8x4x4",2.25,10,0.217733395075984,0.139785132225048,0.390423119109345,0,"operator_replay"
"gaussian_nomask","validation","1p8x4x4",2.25,6,0.661238855044955,0.293459094618073,0.807316151035591,1,"operator_replay"
"gaussian_nomask","external_validation","2p1x2p1x2p1",2.25,10,0.205941440428372,0.118135777246726,0.239559081770382,0,"operator_replay"
"gaussian_nomask","validation","2p1x2p1x2p1",2.25,6,0.329883940002414,0.18365828902924,0.365287225580767,0,"operator_replay"
"gaussian_nomask","external_validation","2p1x2p8x3p7",2.25,10,0.213012403712945,0.0829479670254178,0.341578212740822,0,"operator_replay"
"gaussian_nomask","validation","2p1x2p8x3p7",2.25,6,0.495599888519671,0.209070089798529,0.661883244523777,0,"operator_replay"
"gaussian_nomask","external_validation","2p8x2p8x2p8",2.25,10,0.232343696122677,0.120161483545735,0.380948154390687,0,"operator_replay"
"gaussian_nomask","validation","2p8x2p8x2p8",2.25,6,0.396003522929474,0.21671568385008,0.587432002853681,0,"operator_replay"
"gaussian_nomask","external_validation","2x2x2",2.25,10,0.260273582897064,0.157981844706864,0.332673843781518,0,"operator_replay"
"gaussian_nomask","validation","2x2x2",2.25,6,0.324581774097397,0.178892022989064,0.345731149986769,0,"operator_replay"
"gaussian_nomask","external_validation","2x2x4",2.25,10,0.239449560477774,0.152678867658538,0.432129380905744,0,"operator_replay"
"gaussian_nomask","validation","2x2x4",2.25,6,0.439068814408808,0.205382578442986,0.508767637242949,0,"operator_replay"
"gaussian_nomask","external_validation","3p6x3p6x3p6",2.25,10,0.2824810021794,0.12805012009773,0.663465613993749,0,"operator_replay"
"gaussian_nomask","validation","3p6x3p6x3p6",2.25,6,0.459547508716847,0.240574352748511,0.988339312173782,0,"operator_replay"
"gaussian_nomask","external_validation","4x1p8x1p8",2.25,10,0.308506111676074,0.195035590162378,0.393402761163207,0,"operator_replay"
"gaussian_nomask","validation","4x1p8x1p8",2.25,6,0.306327319650604,0.232284318328094,0.432278635107321,0,"operator_replay"
"gaussian_nomask","external_validation","4x1p8x4",2.25,10,0.285930909740338,0.181668999292183,0.339231556000037,0,"operator_replay"
"gaussian_nomask","validation","4x1p8x4",2.25,6,0.4368408966127,0.253693610275561,0.765092730829066,0,"operator_replay"
"gaussian_nomask","external_validation","4x4x1p8",2.25,10,0.397700109267498,0.289103451242606,0.42234467702515,0,"operator_replay"
"gaussian_nomask","validation","4x4x1p8",2.25,6,0.440727704260298,0.331878976287662,0.775168139456415,0,"operator_replay"
"gaussian_nomask","external_validation","4x4x4",2.25,10,0.156001022606032,0.117340156491757,0.417095024447468,0,"operator_replay"
"gaussian_nomask","validation","4x4x4",2.25,6,0.461164330138907,0.248276292311682,1.14479095068617,0,"operator_replay"
"gaussian_nomask","external_validation","1p8x1p8x1p8",2.7,10,0.248869447869761,0.159765862148392,0.297847410621913,0,"operator_replay"
"gaussian_nomask","validation","1p8x1p8x1p8",2.7,6,0.369990970375725,0.226759814413094,0.334175868334584,0,"operator_replay"
"gaussian_nomask","external_validation","1p8x1p8x4",2.7,10,0.235755053470053,0.143340789985678,0.375484344943316,0,"operator_replay"
"gaussian_nomask","validation","1p8x1p8x4",2.7,6,0.547819366480074,0.26782998510082,0.594168433699799,1,"operator_replay"
"gaussian_nomask","external_validation","1p8x4x1p8",2.7,10,0.37022325624157,0.2463299318255,0.434392591226745,0,"operator_replay"
"gaussian_nomask","validation","1p8x4x1p8",2.7,6,0.565099178496466,0.360815137368671,0.609885326749694,1,"operator_replay"
"gaussian_nomask","external_validation","1p8x4x4",2.7,10,0.28403986366744,0.183640534967046,0.454324028626104,0,"operator_replay"
"gaussian_nomask","validation","1p8x4x4",2.7,6,0.77366123091184,0.368957898007392,0.930201017774031,2,"operator_replay"
"gaussian_nomask","external_validation","2p1x2p1x2p1",2.7,10,0.260277979613799,0.154042435243059,0.325091005663092,0,"operator_replay"
"gaussian_nomask","validation","2p1x2p1x2p1",2.7,6,0.397167489542177,0.245858600251867,0.407116893115044,0,"operator_replay"
"gaussian_nomask","external_validation","2p1x2p8x3p7",2.7,10,0.245416838268326,0.102478420602326,0.397329607822719,0,"operator_replay"
"gaussian_nomask","validation","2p1x2p8x3p7",2.7,6,0.599679438204516,0.267184373181846,0.791435664422599,1,"operator_replay"
"gaussian_nomask","external_validation","2p8x2p8x2p8",2.7,10,0.253068674988489,0.147459770334164,0.38975985279251,0,"operator_replay"
"gaussian_nomask","validation","2p8x2p8x2p8",2.7,6,0.473976634783875,0.2795002311546,0.686764674493046,0,"operator_replay"
"gaussian_nomask","external_validation","2x2x2",2.7,10,0.32495955591816,0.203506250136361,0.436776783747812,0,"operator_replay"
"gaussian_nomask","validation","2x2x2",2.7,6,0.388368234991913,0.239885614591763,0.387632469115669,0,"operator_replay"
"gaussian_nomask","external_validation","2x2x4",2.7,10,0.291837011505915,0.183719013803749,0.447234905438741,0,"operator_replay"
"gaussian_nomask","validation","2x2x4",2.7,6,0.547860249729788,0.265086219433021,0.668003031579156,1,"operator_replay"
"gaussian_nomask","external_validation","3p6x3p6x3p6",2.7,10,0.28997786678207,0.134645276966746,0.605652198294248,0,"operator_replay"
"gaussian_nomask","validation","3p6x3p6x3p6",2.7,6,0.502079898268235,0.291822452061856,1.01048135844743,1,"operator_replay"
"gaussian_nomask","external_validation","4x1p8x1p8",2.7,10,0.362243051825494,0.233911903746798,0.402211458352752,0,"operator_replay"
"gaussian_nomask","validation","4x1p8x1p8",2.7,6,0.39803227145727,0.307153406979882,0.531414656545291,0,"operator_replay"
"gaussian_nomask","external_validation","4x1p8x4",2.7,10,0.356189244206247,0.230349908283717,0.375464720885537,0,"operator_replay"
"gaussian_nomask","validation","4x1p8x4",2.7,6,0.485678506919789,0.31575322633875,0.876903013884473,0,"operator_replay"
"gaussian_nomask","external_validation","4x4x1p8",2.7,10,0.498144129979608,0.377038100091734,0.484675539675541,0,"operator_replay"
"gaussian_nomask","validation","4x4x1p8",2.7,6,0.583345245696812,0.439272510528944,0.901787915770971,2,"operator_replay"
"gaussian_nomask","external_validation","4x4x4",2.7,10,0.200445829595043,0.157100554511867,0.555684473188286,0,"operator_replay"
"gaussian_nomask","validation","4x4x4",2.7,6,0.465709628977743,0.290341491577026,1.08110348693493,0,"operator_replay"
"gaussian_nomask","external_validation","1p8x1p8x1p8",3,10,0.270784369803675,0.176997835730468,0.32412616356079,0,"operator_replay"
"gaussian_nomask","validation","1p8x1p8x1p8",3,6,0.434650294336936,0.270011759146242,0.392310895733008,0,"operator_replay"
"gaussian_nomask","external_validation","1p8x1p8x4",3,10,0.253896078415051,0.154653410268685,0.36683457326987,0,"operator_replay"
"gaussian_nomask","validation","1p8x1p8x4",3,6,0.635060950761503,0.310916329197398,0.705005944040538,1,"operator_replay"
"gaussian_nomask","external_validation","1p8x4x1p8",3,10,0.396665447668293,0.271648742285516,0.455396872295813,0,"operator_replay"
"gaussian_nomask","validation","1p8x4x1p8",3,6,0.653529034579343,0.421438248799605,0.725050295953311,1,"operator_replay"
"gaussian_nomask","external_validation","1p8x4x4",3,10,0.33760224766797,0.212357044635521,0.511632821659473,0,"operator_replay"
"gaussian_nomask","validation","1p8x4x4",3,6,0.842899645958276,0.415872881496683,0.973271948389362,2,"operator_replay"
"gaussian_nomask","external_validation","2p1x2p1x2p1",3,10,0.279344634993918,0.171109360719841,0.344128834702649,0,"operator_replay"
"gaussian_nomask","validation","2p1x2p1x2p1",3,6,0.466401327002224,0.290698629455425,0.479835667707206,0,"operator_replay"
"gaussian_nomask","external_validation","2p1x2p8x3p7",3,10,0.27091058822899,0.115880157610158,0.4251102964941,0,"operator_replay"
"gaussian_nomask","validation","2p1x2p8x3p7",3,6,0.677250866581162,0.308701384057287,0.881629547309918,1,"operator_replay"
"gaussian_nomask","external_validation","2p8x2p8x2p8",3,10,0.274508890657523,0.164209795790192,0.412414119212713,0,"operator_replay"
"gaussian_nomask","validation","2p8x2p8x2p8",3,6,0.531810011946112,0.321828184705692,0.775940145347702,1,"operator_replay"
"gaussian_nomask","external_validation","2x2x2",3,10,0.351017673454266,0.220386743432831,0.471524230613624,0,"operator_replay"
"gaussian_nomask","validation","2x2x2",3,6,0.457481935159673,0.284263661049219,0.448047058490696,0,"operator_replay"
"gaussian_nomask","external_validation","2x2x4",3,10,0.320137297804905,0.201132939702654,0.47542891577412,0,"operator_replay"
"gaussian_nomask","validation","2x2x4",3,6,0.626583522290312,0.307109462366446,0.772448906219228,1,"operator_replay"
"gaussian_nomask","external_validation","3p6x3p6x3p6",3,10,0.29098918510021,0.149053377335447,0.541848247243639,0,"operator_replay"
"gaussian_nomask","validation","3p6x3p6x3p6",3,6,0.515670129260508,0.320511460074417,0.998693562042927,1,"operator_replay"
"gaussian_nomask","external_validation","4x1p8x1p8",3,10,0.387142297773118,0.255820539020894,0.402375123477789,0,"operator_replay"
"gaussian_nomask","validation","4x1p8x1p8",3,6,0.455623246842871,0.358597267948979,0.605353344082367,0,"operator_replay"
"gaussian_nomask","external_validation","4x1p8x4",3,10,0.400063360832409,0.262583487998142,0.421908729507496,0,"operator_replay"
"gaussian_nomask","validation","4x1p8x4",3,6,0.515115536897766,0.353272685743293,0.915647516495934,1,"operator_replay"
"gaussian_nomask","external_validation","4x4x1p8",3,10,0.562361187026136,0.437484808408087,0.542434887837251,3,"operator_replay"
"gaussian_nomask","validation","4x4x1p8",3,6,0.675068885213294,0.506265346632643,0.943076267553822,3,"operator_replay"
"gaussian_nomask","external_validation","4x4x4",3,10,0.23848328151193,0.189987356439065,0.702815871709831,0,"operator_replay"
"gaussian_nomask","validation","4x4x4",3,6,0.44745331110061,0.310907442263693,0.986739429216474,0,"operator_replay"
"susan_fmriprep","external_validation","1p8x1p8x1p8",1.5,10,0.122336760244251,0.0842157696780488,0.146195203819481,0,"operator_replay"
"susan_fmriprep","validation","1p8x1p8x1p8",1.5,6,0.111987746987185,0.0716628058600907,0.158362742217028,0,"operator_replay"
"susan_fmriprep","external_validation","1p8x1p8x4",1.5,10,0.0871794792737023,0.0434010587395474,0.204777673429541,0,"operator_replay"
"susan_fmriprep","validation","1p8x1p8x4",1.5,6,0.0965408152687244,0.0432169051816005,0.116166931464134,0,"operator_replay"
"susan_fmriprep","external_validation","1p8x4x1p8",1.5,10,0.150061802065289,0.0848162732622211,0.104933349318368,0,"operator_replay"
"susan_fmriprep","validation","1p8x4x1p8",1.5,6,0.136430479441858,0.0904432076926261,0.137552769520139,0,"operator_replay"
"susan_fmriprep","external_validation","1p8x4x4",1.5,10,0.135713244262927,0.0740327972714131,0.26661309654229,0,"operator_replay"
"susan_fmriprep","validation","1p8x4x4",1.5,6,0.137758757971909,0.0752180611708543,0.204898208056981,0,"operator_replay"
"susan_fmriprep","external_validation","2p1x2p1x2p1",1.5,10,0.114702203006662,0.0734669639044124,0.152418046796707,0,"operator_replay"
"susan_fmriprep","validation","2p1x2p1x2p1",1.5,6,0.111710687227167,0.0686669120196211,0.181760331979619,0,"operator_replay"
"susan_fmriprep","external_validation","2p1x2p8x3p7",1.5,10,0.0887915697167974,0.0663756207184884,0.170047675006018,0,"operator_replay"
"susan_fmriprep","validation","2p1x2p8x3p7",1.5,6,0.100961183232625,0.0763173199498202,0.243591091699371,0,"operator_replay"
"susan_fmriprep","external_validation","2p8x2p8x2p8",1.5,10,0.0805285444779204,0.0533252052228884,0.120262863476155,0,"operator_replay"
"susan_fmriprep","validation","2p8x2p8x2p8",1.5,6,0.116194151409909,0.0783176514748459,0.219886877256656,0,"operator_replay"
"susan_fmriprep","external_validation","2x2x2",1.5,10,0.135987869186682,0.096586209892839,0.185501121445736,0,"operator_replay"
"susan_fmriprep","validation","2x2x2",1.5,6,0.11270118823608,0.0695073240534851,0.173962556802238,0,"operator_replay"
"susan_fmriprep","external_validation","2x2x4",1.5,10,0.09858433678234,0.0435948860204328,0.236160639356625,0,"operator_replay"
"susan_fmriprep","validation","2x2x4",1.5,6,0.0877758339534176,0.0489088171500662,0.159246577545672,0,"operator_replay"
"susan_fmriprep","external_validation","3p6x3p6x3p6",1.5,10,0.0809950803275691,0.0472495300887311,0.174650961179604,0,"operator_replay"
"susan_fmriprep","validation","3p6x3p6x3p6",1.5,6,0.150067532879678,0.0860901783014323,0.30203903969884,0,"operator_replay"
"susan_fmriprep","external_validation","4x1p8x1p8",1.5,10,0.148005818688383,0.102565323784621,0.122783153919249,0,"operator_replay"
"susan_fmriprep","validation","4x1p8x1p8",1.5,6,0.148098050831798,0.0918446242730221,0.131850497401829,0,"operator_replay"
"susan_fmriprep","external_validation","4x1p8x4",1.5,10,0.125124983776176,0.0738161945298809,0.281128772094099,0,"operator_replay"
"susan_fmriprep","validation","4x1p8x4",1.5,6,0.147990720139637,0.0744926750655497,0.211608493458903,0,"operator_replay"
"susan_fmriprep","external_validation","4x4x1p8",1.5,10,0.186490178760371,0.113821688561286,0.227906752017285,0,"operator_replay"
"susan_fmriprep","validation","4x4x1p8",1.5,6,0.191988108988074,0.109589020281579,0.232660733190507,0,"operator_replay"
"susan_fmriprep","external_validation","4x4x4",1.5,10,0.164794773619506,0.0837280693038769,0.3472505322349,0,"operator_replay"
"susan_fmriprep","validation","4x4x4",1.5,6,0.166030935493005,0.0887627524039124,0.392050938094078,0,"operator_replay"
"susan_fmriprep","external_validation","1p8x1p8x1p8",1.8,10,0.147145563683425,0.0920583235491584,0.162336502379982,0,"operator_replay"
"susan_fmriprep","validation","1p8x1p8x1p8",1.8,6,0.14458589465969,0.0913859459158733,0.20003918600371,0,"operator_replay"
"susan_fmriprep","external_validation","1p8x1p8x4",1.8,10,0.104896740283469,0.0507826934772224,0.228513038714429,0,"operator_replay"
"susan_fmriprep","validation","1p8x1p8x4",1.8,6,0.148388837539719,0.0666528641600661,0.194944040330508,0,"operator_replay"
"susan_fmriprep","external_validation","1p8x4x1p8",1.8,10,0.193759769104114,0.113126047289294,0.159835896506541,0,"operator_replay"
"susan_fmriprep","validation","1p8x4x1p8",1.8,6,0.199406977863354,0.13077761315616,0.219769578543855,0,"operator_replay"
"susan_fmriprep","external_validation","1p8x4x4",1.8,10,0.0872684012479402,0.0488413858230272,0.212548199191489,0,"operator_replay"
"susan_fmriprep","validation","1p8x4x4",1.8,6,0.221920052089743,0.110707230985042,0.414112246850185,0,"operator_replay"
"susan_fmriprep","external_validation","2p1x2p1x2p1",1.8,10,0.115148419926257,0.0690296115605306,0.12042548877424,0,"operator_replay"
"susan_fmriprep","validation","2p1x2p1x2p1",1.8,6,0.126712189684543,0.0824524119345433,0.19509151067527,0,"operator_replay"
"susan_fmriprep","external_validation","2p1x2p8x3p7",1.8,10,0.167037809749828,0.0959097969523973,0.303653923457686,0,"operator_replay"
"susan_fmriprep","validation","2p1x2p8x3p7",1.8,6,0.190702553207797,0.0977847006839681,0.310130427846075,0,"operator_replay"
"susan_fmriprep","external_validation","2p8x2p8x2p8",1.8,10,0.19351751930888,0.113285835634368,0.422205552789586,0,"operator_replay"
"susan_fmriprep","validation","2p8x2p8x2p8",1.8,6,0.200775727391904,0.101499553178651,0.341337888486616,0,"operator_replay"
"susan_fmriprep","external_validation","2x2x2",1.8,10,0.142363868890062,0.0838913169175817,0.160383230292691,0,"operator_replay"
"susan_fmriprep","validation","2x2x2",1.8,6,0.134005539608151,0.0833219827488983,0.197776835935226,0,"operator_replay"
"susan_fmriprep","external_validation","2x2x4",1.8,10,0.079467405409922,0.0453710523185485,0.194032219521318,0,"operator_replay"
"susan_fmriprep","validation","2x2x4",1.8,6,0.118472493069769,0.0641618373863895,0.19694377727915,0,"operator_replay"
"susan_fmriprep","external_validation","3p6x3p6x3p6",1.8,10,0.218311048813326,0.152994292041003,0.652815981873521,0,"operator_replay"
"susan_fmriprep","validation","3p6x3p6x3p6",1.8,6,0.263246985488644,0.131119610095708,0.679149424032336,0,"operator_replay"
"susan_fmriprep","external_validation","4x1p8x1p8",1.8,10,0.188134299699655,0.122831568118855,0.174324810758754,0,"operator_replay"
"susan_fmriprep","validation","4x1p8x1p8",1.8,6,0.209038672199417,0.131081016352301,0.21233645468751,0,"operator_replay"
"susan_fmriprep","external_validation","4x1p8x4",1.8,10,0.0974039775618245,0.0598149604409525,0.178539229596337,0,"operator_replay"
"susan_fmriprep","validation","4x1p8x4",1.8,6,0.188602766835096,0.105546991144889,0.396317536915999,0,"operator_replay"
"susan_fmriprep","external_validation","4x4x1p8",1.8,10,0.144478291079338,0.0761265513336987,0.235438612737383,0,"operator_replay"
"susan_fmriprep","validation","4x4x1p8",1.8,6,0.194003526202195,0.127655092388362,0.439885352874908,0,"operator_replay"
"susan_fmriprep","external_validation","4x4x4",1.8,10,0.118874460550323,0.0709414782250158,0.36645963588338,0,"operator_replay"
"susan_fmriprep","validation","4x4x4",1.8,6,0.289950649324342,0.140259425938376,0.83528465952263,0,"operator_replay"
"susan_fmriprep","external_validation","1p8x1p8x1p8",2.25,10,0.20163739711043,0.124971430689764,0.228521442990695,0,"operator_replay"
"susan_fmriprep","validation","1p8x1p8x1p8",2.25,6,0.22255666827755,0.150403431349753,0.318332491978873,0,"operator_replay"
"susan_fmriprep","external_validation","1p8x1p8x4",2.25,10,0.116669583257263,0.0499794106405049,0.174474020347558,0,"operator_replay"
"susan_fmriprep","validation","1p8x1p8x4",2.25,6,0.182810675411804,0.0984427301639186,0.228525134137191,0,"operator_replay"
"susan_fmriprep","external_validation","1p8x4x1p8",2.25,10,0.171243768628271,0.0942428288558255,0.208548488729665,0,"operator_replay"
"susan_fmriprep","validation","1p8x4x1p8",2.25,6,0.232839109160558,0.155498383342946,0.26796613054417,0,"operator_replay"
"susan_fmriprep","external_validation","1p8x4x4",2.25,10,0.220355403009373,0.142857675739966,0.540142335020692,0,"operator_replay"
"susan_fmriprep","validation","1p8x4x4",2.25,6,0.420297147811933,0.208740903394056,0.765739555445249,0,"operator_replay"
"susan_fmriprep","external_validation","2p1x2p1x2p1",2.25,10,0.13554746521707,0.0910201369837538,0.174552026261535,0,"operator_replay"
"susan_fmriprep","validation","2p1x2p1x2p1",2.25,6,0.182857398888674,0.117358297532398,0.289259270852234,0,"operator_replay"
"susan_fmriprep","external_validation","2p1x2p8x3p7",2.25,10,0.295807319097241,0.181411459158057,0.602467683547327,0,"operator_replay"
"susan_fmriprep","validation","2p1x2p8x3p7",2.25,6,0.320904378968084,0.157076180241701,0.537351614568353,0,"operator_replay"
"susan_fmriprep","external_validation","2p8x2p8x2p8",2.25,10,0.275087987716219,0.172512891577718,0.638204469610005,0,"operator_replay"
"susan_fmriprep","validation","2p8x2p8x2p8",2.25,6,0.280333917608015,0.143994761332914,0.473879062920391,0,"operator_replay"
"susan_fmriprep","external_validation","2x2x2",2.25,10,0.171019115982969,0.0972705896471098,0.181453055642644,0,"operator_replay"
"susan_fmriprep","validation","2x2x2",2.25,6,0.198054092089788,0.121596493015647,0.301907169711079,0,"operator_replay"
"susan_fmriprep","external_validation","2x2x4",2.25,10,0.175428576063274,0.0971696846961388,0.297988932981135,0,"operator_replay"
"susan_fmriprep","validation","2x2x4",2.25,6,0.231096267563198,0.111139275640288,0.334361822909278,0,"operator_replay"
"susan_fmriprep","external_validation","3p6x3p6x3p6",2.25,10,0.28366135721185,0.217184510028067,0.891360515919706,0,"operator_replay"
"susan_fmriprep","validation","3p6x3p6x3p6",2.25,6,0.333599050517125,0.175679535698477,0.894934968994789,0,"operator_replay"
"susan_fmriprep","external_validation","4x1p8x1p8",2.25,10,0.161727532618891,0.102181537980272,0.269449022257908,0,"operator_replay"
"susan_fmriprep","validation","4x1p8x1p8",2.25,6,0.236969805913196,0.152223082444858,0.244371578376841,0,"operator_replay"
"susan_fmriprep","external_validation","4x1p8x4",2.25,10,0.228115402834281,0.143472781677308,0.496284517575876,0,"operator_replay"
"susan_fmriprep","validation","4x1p8x4",2.25,6,0.327052047310654,0.183742656368337,0.715030611571598,0,"operator_replay"
"susan_fmriprep","external_validation","4x4x1p8",2.25,10,0.196296430001948,0.127258866817634,0.563798450013166,0,"operator_replay"
"susan_fmriprep","validation","4x4x1p8",2.25,6,0.311350760609133,0.193330718003378,0.795328218508615,0,"operator_replay"
"susan_fmriprep","external_validation","4x4x4",2.25,10,0.175074981875943,0.110083059484455,0.526450961911969,0,"operator_replay"
"susan_fmriprep","validation","4x4x4",2.25,6,0.344525481011227,0.179114088815149,1.01055823357135,0,"operator_replay"
"susan_fmriprep","external_validation","1p8x1p8x1p8",2.7,10,0.20519541753933,0.120365058626491,0.209023394652296,0,"operator_replay"
"susan_fmriprep","validation","1p8x1p8x1p8",2.7,6,0.26506699075416,0.169373714245311,0.370595563914906,0,"operator_replay"
"susan_fmriprep","external_validation","1p8x1p8x4",2.7,10,0.139043217717508,0.0625864995211355,0.226615837117916,0,"operator_replay"
"susan_fmriprep","validation","1p8x1p8x4",2.7,6,0.237090388481251,0.135271768643704,0.317045497293088,0,"operator_replay"
"susan_fmriprep","external_validation","1p8x4x1p8",2.7,10,0.199315824425315,0.125279631050387,0.284733598610689,0,"operator_replay"
"susan_fmriprep","validation","1p8x4x1p8",2.7,6,0.33323170989638,0.220293421057747,0.332829680236824,0,"operator_replay"
"susan_fmriprep","external_validation","1p8x4x4",2.7,10,0.201336414913825,0.123629778659339,0.506501746376861,0,"operator_replay"
"susan_fmriprep","validation","1p8x4x4",2.7,6,0.436274217320174,0.230502730103815,0.756218695666956,0,"operator_replay"
"susan_fmriprep","external_validation","2p1x2p1x2p1",2.7,10,0.214500438605427,0.111829547082199,0.326858563722229,0,"operator_replay"
"susan_fmriprep","validation","2p1x2p1x2p1",2.7,6,0.212980034066332,0.152206951200808,0.325179192596883,0,"operator_replay"
"susan_fmriprep","external_validation","2p1x2p8x3p7",2.7,10,0.381091021395349,0.252272704638585,0.751111852957621,0,"operator_replay"
"susan_fmriprep","validation","2p1x2p8x3p7",2.7,6,0.447595720167583,0.212706766581993,0.704319859974804,0,"operator_replay"
"susan_fmriprep","external_validation","2p8x2p8x2p8",2.7,10,0.339570387541317,0.222961521464751,0.804695049894592,0,"operator_replay"
"susan_fmriprep","validation","2p8x2p8x2p8",2.7,6,0.38339962330589,0.192393490238777,0.668964187230227,0,"operator_replay"
"susan_fmriprep","external_validation","2x2x2",2.7,10,0.186964035016267,0.11125817795312,0.250960069758813,0,"operator_replay"
"susan_fmriprep","validation","2x2x2",2.7,6,0.231034936389935,0.154359038995249,0.339646304087462,0,"operator_replay"
"susan_fmriprep","external_validation","2x2x4",2.7,10,0.20184510662824,0.113515772904893,0.372505375729075,0,"operator_replay"
"susan_fmriprep","validation","2x2x4",2.7,6,0.284183526190932,0.144625771005567,0.420704669388686,0,"operator_replay"
"susan_fmriprep","external_validation","3p6x3p6x3p6",2.7,10,0.283287893823921,0.225187143437067,0.863153816040542,0,"operator_replay"
"susan_fmriprep","validation","3p6x3p6x3p6",2.7,6,0.358592094144821,0.199931470901194,0.931656020502425,0,"operator_replay"
"susan_fmriprep","external_validation","4x1p8x1p8",2.7,10,0.188961265287322,0.131745600412876,0.35277763763673,0,"operator_replay"
"susan_fmriprep","validation","4x1p8x1p8",2.7,6,0.337237754673691,0.217388129510645,0.326689652257521,0,"operator_replay"
"susan_fmriprep","external_validation","4x1p8x4",2.7,10,0.189622764729704,0.131655368404148,0.44477203367776,0,"operator_replay"
"susan_fmriprep","validation","4x1p8x4",2.7,6,0.321261253910975,0.20766122743713,0.678653769022729,0,"operator_replay"
"susan_fmriprep","external_validation","4x4x1p8",2.7,10,0.194845346723469,0.129682199375445,0.521061516765798,0,"operator_replay"
"susan_fmriprep","validation","4x4x1p8",2.7,6,0.357288608179951,0.242551967975608,0.80021667829779,0,"operator_replay"
"susan_fmriprep","external_validation","4x4x4",2.7,10,0.142743952431351,0.0826283225010794,0.351655313789124,0,"operator_replay"
"susan_fmriprep","validation","4x4x4",2.7,6,0.327819212111268,0.198507826947262,0.898376474311858,0,"operator_replay"
"susan_fmriprep","external_validation","1p8x1p8x1p8",3,10,0.216779536380676,0.132067892437829,0.219573660338866,0,"operator_replay"
"susan_fmriprep","validation","1p8x1p8x1p8",3,6,0.309564410791296,0.199754120628792,0.436112351059276,0,"operator_replay"
"susan_fmriprep","external_validation","1p8x1p8x4",3,10,0.215124045731059,0.112150953026743,0.324200533527908,0,"operator_replay"
"susan_fmriprep","validation","1p8x1p8x4",3,6,0.33473772743381,0.172343269399495,0.400766273726861,0,"operator_replay"
"susan_fmriprep","external_validation","1p8x4x1p8",3,10,0.236973714880653,0.1192537591348,0.3971680329816,0,"operator_replay"
"susan_fmriprep","validation","1p8x4x1p8",3,6,0.373182867798706,0.246591790438646,0.466715366900736,0,"operator_replay"
"susan_fmriprep","external_validation","1p8x4x4",3,10,0.172244180248784,0.104682030770891,0.396309861324941,0,"operator_replay"
"susan_fmriprep","validation","1p8x4x4",3,6,0.466738656616135,0.254005416676975,0.658212556216567,0,"operator_replay"
"susan_fmriprep","external_validation","2p1x2p1x2p1",3,10,0.234550699673744,0.123982620045877,0.366763261000874,0,"operator_replay"
"susan_fmriprep","validation","2p1x2p1x2p1",3,6,0.253655850151471,0.180231854042124,0.394175431666113,0,"operator_replay"
"susan_fmriprep","external_validation","2p1x2p8x3p7",3,10,0.370626737440058,0.24278378750321,0.701201915412124,0,"operator_replay"
"susan_fmriprep","validation","2p1x2p8x3p7",3,6,0.472083076492949,0.230694696104787,0.685954520921348,0,"operator_replay"
"susan_fmriprep","external_validation","2p8x2p8x2p8",3,10,0.333066987627488,0.215509883970269,0.785200879459836,0,"operator_replay"
"susan_fmriprep","validation","2p8x2p8x2p8",3,6,0.407582499949883,0.20878692452533,0.678643378959061,0,"operator_replay"
"susan_fmriprep","external_validation","2x2x2",3,10,0.209527844266898,0.120316583398176,0.292762411468042,0,"operator_replay"
"susan_fmriprep","validation","2x2x2",3,6,0.271935982569522,0.181766032945145,0.404523829898395,0,"operator_replay"
"susan_fmriprep","external_validation","2x2x4",3,10,0.253565994160502,0.155744925727636,0.433698054908458,0,"operator_replay"
"susan_fmriprep","validation","2x2x4",3,6,0.378317229902011,0.190740644746091,0.526887434518169,0,"operator_replay"
"susan_fmriprep","external_validation","3p6x3p6x3p6",3,10,0.229804710459336,0.173767469155688,0.611665740809537,0,"operator_replay"
"susan_fmriprep","validation","3p6x3p6x3p6",3,6,0.311512454709427,0.198503449429285,0.728150340189369,0,"operator_replay"
"susan_fmriprep","external_validation","4x1p8x1p8",3,10,0.204516553187693,0.136432100994937,0.463341077004752,0,"operator_replay"
"susan_fmriprep","validation","4x1p8x1p8",3,6,0.351427366085597,0.219985053843095,0.425287747686072,0,"operator_replay"
"susan_fmriprep","external_validation","4x1p8x4",3,10,0.173285982566595,0.105675094564116,0.310308609061728,0,"operator_replay"
"susan_fmriprep","validation","4x1p8x4",3,6,0.337591321297587,0.231502490195797,0.563387744137327,0,"operator_replay"
"susan_fmriprep","external_validation","4x4x1p8",3,10,0.227393123863522,0.110601923470143,0.383184417495803,0,"operator_replay"
"susan_fmriprep","validation","4x4x1p8",3,6,0.446295381487135,0.248201903629613,0.71874105424947,0,"operator_replay"
"susan_fmriprep","external_validation","4x4x4",3,10,0.195877110845602,0.0831465559249569,0.460835054138672,0,"operator_replay"
"susan_fmriprep","validation","4x4x4",3,6,0.274753748768535,0.193465475954469,0.933955307679888,0,"operator_replay"
"gaussian_mask_fmriprep","external_validation","1p8x1p8x1p8",1.5,10,0.0703571305605309,0.042240442084369,0.0516990225589553,0,"operator_replay"
"gaussian_mask_fmriprep","validation","1p8x1p8x1p8",1.5,6,0.140963697278972,0.0719759628951985,0.16044707847229,0,"operator_replay"
"gaussian_mask_fmriprep","external_validation","1p8x1p8x4",1.5,10,0.0762868994496342,0.0584528248695936,0.114566261124487,0,"operator_replay"
"gaussian_mask_fmriprep","validation","1p8x1p8x4",1.5,6,0.204468978890234,0.111206282659573,0.296688492851937,0,"operator_replay"
"gaussian_mask_fmriprep","external_validation","1p8x4x1p8",1.5,10,0.145259396315085,0.0918591097267746,0.141807714101599,0,"operator_replay"
"gaussian_mask_fmriprep","validation","1p8x4x1p8",1.5,6,0.202571567519322,0.110432827189761,0.259696238235498,0,"operator_replay"
"gaussian_mask_fmriprep","external_validation","1p8x4x4",1.5,10,0.179231111375684,0.132008135190721,0.242385905621141,0,"operator_replay"
"gaussian_mask_fmriprep","validation","1p8x4x4",1.5,6,0.266419561583153,0.116622502275099,0.321412162430837,0,"operator_replay"
"gaussian_mask_fmriprep","external_validation","2p1x2p1x2p1",1.5,10,0.0869656972645678,0.0494276459613097,0.0774962096693148,0,"operator_replay"
"gaussian_mask_fmriprep","validation","2p1x2p1x2p1",1.5,6,0.159956117194755,0.0773598934248607,0.207002146867878,0,"operator_replay"
"gaussian_mask_fmriprep","external_validation","2p1x2p8x3p7",1.5,10,0.0921241164095566,0.04313631305314,0.142284415705992,0,"operator_replay"
"gaussian_mask_fmriprep","validation","2p1x2p8x3p7",1.5,6,0.236514261748612,0.0953094003133412,0.317707745693228,0,"operator_replay"
"gaussian_mask_fmriprep","external_validation","2p8x2p8x2p8",1.5,10,0.119885721186426,0.061839468489913,0.180110447626656,0,"operator_replay"
"gaussian_mask_fmriprep","validation","2p8x2p8x2p8",1.5,6,0.19950633954025,0.0931535355622608,0.347288109268734,0,"operator_replay"
"gaussian_mask_fmriprep","external_validation","2x2x2",1.5,10,0.0936872933615824,0.0581154312285881,0.107103008918449,0,"operator_replay"
"gaussian_mask_fmriprep","validation","2x2x2",1.5,6,0.154446337751649,0.0746319197498605,0.190176195675135,0,"operator_replay"
"gaussian_mask_fmriprep","external_validation","2x2x4",1.5,10,0.0983915526346668,0.0724461980715518,0.128938231107351,0,"operator_replay"
"gaussian_mask_fmriprep","validation","2x2x4",1.5,6,0.205761585563965,0.103407459689618,0.311605294876982,0,"operator_replay"
"gaussian_mask_fmriprep","external_validation","3p6x3p6x3p6",1.5,10,0.131245670214888,0.0659783874861603,0.273773438382066,0,"operator_replay"
"gaussian_mask_fmriprep","validation","3p6x3p6x3p6",1.5,6,0.251983007419017,0.113861995701031,0.560470158331382,0,"operator_replay"
"gaussian_mask_fmriprep","external_validation","4x1p8x1p8",1.5,10,0.145928730319115,0.113186950525313,0.15927229448856,0,"operator_replay"
"gaussian_mask_fmriprep","validation","4x1p8x1p8",1.5,6,0.151868000842805,0.108231288852339,0.263894196700976,0,"operator_replay"
"gaussian_mask_fmriprep","external_validation","4x1p8x4",1.5,10,0.195524210919603,0.150825133267325,0.249471544604956,0,"operator_replay"
"gaussian_mask_fmriprep","validation","4x1p8x4",1.5,6,0.179912892229251,0.112284861658647,0.327649978526273,0,"operator_replay"
"gaussian_mask_fmriprep","external_validation","4x4x1p8",1.5,10,0.2780863698973,0.199029188943042,0.212713900517715,0,"operator_replay"
"gaussian_mask_fmriprep","validation","4x4x1p8",1.5,6,0.19847648650517,0.144043348814131,0.300898515863102,0,"operator_replay"
"gaussian_mask_fmriprep","external_validation","4x4x4",1.5,10,0.134762095914113,0.0683812169040785,0.252949048391896,0,"operator_replay"
"gaussian_mask_fmriprep","validation","4x4x4",1.5,6,0.263697440821844,0.116727223448909,0.657510351669043,0,"operator_replay"
"gaussian_mask_fmriprep","external_validation","1p8x1p8x1p8",1.8,10,0.111101830444488,0.0649094860576705,0.0985576763147353,0,"operator_replay"
"gaussian_mask_fmriprep","validation","1p8x1p8x1p8",1.8,6,0.184087292850347,0.086610982812233,0.194976425998178,0,"operator_replay"
"gaussian_mask_fmriprep","external_validation","1p8x1p8x4",1.8,10,0.114342798614034,0.0712771085482531,0.184867100448478,0,"operator_replay"
"gaussian_mask_fmriprep","validation","1p8x1p8x4",1.8,6,0.261884799947863,0.114920656003023,0.323324146063177,0,"operator_replay"
"gaussian_mask_fmriprep","external_validation","1p8x4x1p8",1.8,10,0.217792197930797,0.128064908783699,0.136965017008198,0,"operator_replay"
"gaussian_mask_fmriprep","validation","1p8x4x1p8",1.8,6,0.260973329938301,0.141713135800852,0.293799423341734,0,"operator_replay"
"gaussian_mask_fmriprep","external_validation","1p8x4x4",1.8,10,0.248138871921347,0.179741687519488,0.472165264849563,0,"operator_replay"
"gaussian_mask_fmriprep","validation","1p8x4x4",1.8,6,0.368531501305875,0.177293159951419,0.339400931578203,0,"operator_replay"
"gaussian_mask_fmriprep","external_validation","2p1x2p1x2p1",1.8,10,0.114869101099533,0.0710001153726378,0.105894653792604,0,"operator_replay"
"gaussian_mask_fmriprep","validation","2p1x2p1x2p1",1.8,6,0.208648480974731,0.0963031327051933,0.254351953919874,0,"operator_replay"
"gaussian_mask_fmriprep","external_validation","2p1x2p8x3p7",1.8,10,0.117277617754787,0.0669246754917335,0.201913574325838,0,"operator_replay"
"gaussian_mask_fmriprep","validation","2p1x2p8x3p7",1.8,6,0.309366031340502,0.127032434711886,0.354785511905519,0,"operator_replay"
"gaussian_mask_fmriprep","external_validation","2p8x2p8x2p8",1.8,10,0.170493996152122,0.0865664277205059,0.27023093436068,0,"operator_replay"
"gaussian_mask_fmriprep","validation","2p8x2p8x2p8",1.8,6,0.269096761513689,0.123891527365305,0.451120729295722,0,"operator_replay"
"gaussian_mask_fmriprep","external_validation","2x2x2",1.8,10,0.14264498362281,0.0876495200255131,0.167705644331771,0,"operator_replay"
"gaussian_mask_fmriprep","validation","2x2x2",1.8,6,0.202099309533922,0.0925843293380509,0.233741706980099,0,"operator_replay"
"gaussian_mask_fmriprep","external_validation","2x2x4",1.8,10,0.157247667712368,0.105941838856548,0.262580653322545,0,"operator_replay"
"gaussian_mask_fmriprep","validation","2x2x4",1.8,6,0.262680538480325,0.111929067604513,0.337719821186183,0,"operator_replay"
"gaussian_mask_fmriprep","external_validation","3p6x3p6x3p6",1.8,10,0.194348007209154,0.0955772647716526,0.417068284128815,0,"operator_replay"
"gaussian_mask_fmriprep","validation","3p6x3p6x3p6",1.8,6,0.342102964079396,0.153366307917964,0.737486273278301,0,"operator_replay"
"gaussian_mask_fmriprep","external_validation","4x1p8x1p8",1.8,10,0.210359030706577,0.142812688371752,0.13942788514471,0,"operator_replay"
"gaussian_mask_fmriprep","validation","4x1p8x1p8",1.8,6,0.189469847746072,0.122954885168604,0.299275419620206,0,"operator_replay"
"gaussian_mask_fmriprep","external_validation","4x1p8x4",1.8,10,0.283466588058528,0.210969302713975,0.484886811793651,0,"operator_replay"
"gaussian_mask_fmriprep","validation","4x1p8x4",1.8,6,0.248518377045688,0.168304827103839,0.343678630979793,0,"operator_replay"
"gaussian_mask_fmriprep","external_validation","4x4x1p8",1.8,10,0.367938595288495,0.270764630247355,0.473441935123468,0,"operator_replay"
"gaussian_mask_fmriprep","validation","4x4x1p8",1.8,6,0.301420732197934,0.203922174471664,0.33259496510517,0,"operator_replay"
"gaussian_mask_fmriprep","external_validation","4x4x4",1.8,10,0.139550587042803,0.0924747974269749,0.358525727057622,0,"operator_replay"
"gaussian_mask_fmriprep","validation","4x4x4",1.8,6,0.36056684550161,0.159268768193075,0.863441377434787,0,"operator_replay"
"gaussian_mask_fmriprep","external_validation","1p8x1p8x1p8",2.25,10,0.178590832363042,0.100583439084896,0.17422525236389,0,"operator_replay"
"gaussian_mask_fmriprep","validation","1p8x1p8x1p8",2.25,6,0.261437831812205,0.131282949490656,0.258703693551526,0,"operator_replay"
"gaussian_mask_fmriprep","external_validation","1p8x1p8x4",2.25,10,0.190892922431109,0.115616680789156,0.363242446570561,0,"operator_replay"
"gaussian_mask_fmriprep","validation","1p8x1p8x4",2.25,6,0.384204058403109,0.178268406130869,0.386260034131599,0,"operator_replay"
"gaussian_mask_fmriprep","external_validation","1p8x4x1p8",2.25,10,0.30519679333289,0.192568208191924,0.334755066058953,0,"operator_replay"
"gaussian_mask_fmriprep","validation","1p8x4x1p8",2.25,6,0.385238527268634,0.232702340192845,0.3764696088895,0,"operator_replay"
"gaussian_mask_fmriprep","external_validation","1p8x4x4",2.25,10,0.343238706528719,0.2515336798932,0.786132415225895,0,"operator_replay"
"gaussian_mask_fmriprep","validation","1p8x4x4",2.25,6,0.580503252742801,0.292428359721319,0.577388903152424,1,"operator_replay"
"gaussian_mask_fmriprep","external_validation","2p1x2p1x2p1",2.25,10,0.167930333072824,0.105062404092544,0.173630388675586,0,"operator_replay"
"gaussian_mask_fmriprep","validation","2p1x2p1x2p1",2.25,6,0.294983104254591,0.146787848272895,0.33933884301182,0,"operator_replay"
"gaussian_mask_fmriprep","external_validation","2p1x2p8x3p7",2.25,10,0.16745580162772,0.105194590782071,0.320554920677274,0,"operator_replay"
"gaussian_mask_fmriprep","validation","2p1x2p8x3p7",2.25,6,0.454894082842776,0.204328995889154,0.457680217582121,0,"operator_replay"
"gaussian_mask_fmriprep","external_validation","2p8x2p8x2p8",2.25,10,0.244094300401149,0.120441880259565,0.416570466079452,0,"operator_replay"
"gaussian_mask_fmriprep","validation","2p8x2p8x2p8",2.25,6,0.381921364700317,0.181836819978706,0.607908123258013,0,"operator_replay"
"gaussian_mask_fmriprep","external_validation","2x2x2",2.25,10,0.215625548580713,0.129237688151084,0.259455688254621,0,"operator_replay"
"gaussian_mask_fmriprep","validation","2x2x2",2.25,6,0.285644119097656,0.142923232579202,0.310939313815192,0,"operator_replay"
"gaussian_mask_fmriprep","external_validation","2x2x4",2.25,10,0.245432137206609,0.162434990138687,0.46548482594646,0,"operator_replay"
"gaussian_mask_fmriprep","validation","2x2x4",2.25,6,0.383574416072328,0.177024470026304,0.405854478270022,0,"operator_replay"
"gaussian_mask_fmriprep","external_validation","3p6x3p6x3p6",2.25,10,0.285654191992016,0.136849630225517,0.656178395962051,0,"operator_replay"
"gaussian_mask_fmriprep","validation","3p6x3p6x3p6",2.25,6,0.470672259339329,0.219153757905688,1.01702933653296,0,"operator_replay"
"gaussian_mask_fmriprep","external_validation","4x1p8x1p8",2.25,10,0.296029621385108,0.193334689947208,0.315762991354243,0,"operator_replay"
"gaussian_mask_fmriprep","validation","4x1p8x1p8",2.25,6,0.274692506013794,0.198882412632345,0.381543670655499,0,"operator_replay"
"gaussian_mask_fmriprep","external_validation","4x1p8x4",2.25,10,0.414637613973682,0.296122627839503,0.769036644279678,0,"operator_replay"
"gaussian_mask_fmriprep","validation","4x1p8x4",2.25,6,0.39788845132875,0.265296171511439,0.561256533897288,0,"operator_replay"
"gaussian_mask_fmriprep","external_validation","4x4x1p8",2.25,10,0.485066859622026,0.373782231490889,0.796029804125316,0,"operator_replay"
"gaussian_mask_fmriprep","validation","4x4x1p8",2.25,6,0.461871675996085,0.306176340095213,0.557162490610573,0,"operator_replay"
"gaussian_mask_fmriprep","external_validation","4x4x4",2.25,10,0.155892652372213,0.115350342075688,0.43318812829107,0,"operator_replay"
"gaussian_mask_fmriprep","validation","4x4x4",2.25,6,0.488382212375196,0.23129690113287,1.18327461394054,0,"operator_replay"
"gaussian_mask_fmriprep","external_validation","1p8x1p8x1p8",2.7,10,0.232666298401204,0.131573493221832,0.230839325805382,0,"operator_replay"
"gaussian_mask_fmriprep","validation","1p8x1p8x1p8",2.7,6,0.36252632616171,0.193430934550286,0.351834840389642,0,"operator_replay"
"gaussian_mask_fmriprep","external_validation","1p8x1p8x4",2.7,10,0.278776958048682,0.175376635720081,0.5407798385262,0,"operator_replay"
"gaussian_mask_fmriprep","validation","1p8x1p8x4",2.7,6,0.538123489341515,0.263821366349588,0.474612649307285,1,"operator_replay"
"gaussian_mask_fmriprep","external_validation","1p8x4x1p8",2.7,10,0.38931195292561,0.262226582800762,0.530844246919544,0,"operator_replay"
"gaussian_mask_fmriprep","validation","1p8x4x1p8",2.7,6,0.541286487253592,0.341106107557669,0.479728645973262,1,"operator_replay"
"gaussian_mask_fmriprep","external_validation","1p8x4x4",2.7,10,0.45403464940887,0.343099671569278,1.01409269341167,0,"operator_replay"
"gaussian_mask_fmriprep","validation","1p8x4x4",2.7,6,0.813531203648042,0.419530093875013,0.830870746112883,2,"operator_replay"
"gaussian_mask_fmriprep","external_validation","2p1x2p1x2p1",2.7,10,0.213348844070189,0.135807992973124,0.217387482453449,0,"operator_replay"
"gaussian_mask_fmriprep","validation","2p1x2p1x2p1",2.7,6,0.403474652027887,0.212911946074303,0.451821384205601,0,"operator_replay"
"gaussian_mask_fmriprep","external_validation","2p1x2p8x3p7",2.7,10,0.187324028322242,0.130203521642117,0.426414252721356,0,"operator_replay"
"gaussian_mask_fmriprep","validation","2p1x2p8x3p7",2.7,6,0.607249603165823,0.280276390180308,0.560066927164335,1,"operator_replay"
"gaussian_mask_fmriprep","external_validation","2p8x2p8x2p8",2.7,10,0.298110660598231,0.144979116453036,0.514151156072908,0,"operator_replay"
"gaussian_mask_fmriprep","validation","2p8x2p8x2p8",2.7,6,0.498900500366585,0.254357832342118,0.761481113351993,0,"operator_replay"
"gaussian_mask_fmriprep","external_validation","2x2x2",2.7,10,0.273708444718558,0.161667994294605,0.332448863691007,0,"operator_replay"
"gaussian_mask_fmriprep","validation","2x2x2",2.7,6,0.392342129830487,0.207907190026487,0.417777391481178,0,"operator_replay"
"gaussian_mask_fmriprep","external_validation","2x2x4",2.7,10,0.351399547004696,0.23483264854146,0.654413691707834,0,"operator_replay"
"gaussian_mask_fmriprep","validation","2x2x4",2.7,6,0.537840003766881,0.262192443220598,0.51118509140958,1,"operator_replay"
"gaussian_mask_fmriprep","external_validation","3p6x3p6x3p6",2.7,10,0.330089456315555,0.152288259206057,0.733615799527497,0,"operator_replay"
"gaussian_mask_fmriprep","validation","3p6x3p6x3p6",2.7,6,0.570645624713652,0.286260464260453,1.18820859422769,1,"operator_replay"
"gaussian_mask_fmriprep","external_validation","4x1p8x1p8",2.7,10,0.377117309434415,0.25157965852517,0.481783999372404,0,"operator_replay"
"gaussian_mask_fmriprep","validation","4x1p8x1p8",2.7,6,0.382346322536147,0.2906315575671,0.478688036111199,0,"operator_replay"
"gaussian_mask_fmriprep","external_validation","4x1p8x4",2.7,10,0.568707231748666,0.408237956525637,0.966900893055818,1,"operator_replay"
"gaussian_mask_fmriprep","validation","4x1p8x4",2.7,6,0.55285643771986,0.379672983252491,0.808767195468782,2,"operator_replay"
"gaussian_mask_fmriprep","external_validation","4x4x1p8",2.7,10,0.644838380355462,0.508904165286762,1.01913521443542,4,"operator_replay"
"gaussian_mask_fmriprep","validation","4x4x1p8",2.7,6,0.656841856177126,0.43888336731203,0.791857679632598,3,"operator_replay"
"gaussian_mask_fmriprep","external_validation","4x4x4",2.7,10,0.200542285405678,0.144332814399016,0.551184227316574,0,"operator_replay"
"gaussian_mask_fmriprep","validation","4x4x4",2.7,6,0.569869471789763,0.298646567072028,1.29297092511899,1,"operator_replay"
"gaussian_mask_fmriprep","external_validation","1p8x1p8x1p8",3,10,0.271363841716919,0.153727806846369,0.278807277406488,0,"operator_replay"
"gaussian_mask_fmriprep","validation","1p8x1p8x1p8",3,6,0.434927062894049,0.240671247505711,0.415796613730691,0,"operator_replay"
"gaussian_mask_fmriprep","external_validation","1p8x1p8x4",3,10,0.341961702045495,0.217464854449589,0.64116271085319,0,"operator_replay"
"gaussian_mask_fmriprep","validation","1p8x1p8x4",3,6,0.656561166554938,0.328947381290824,0.586014737610333,1,"operator_replay"
"gaussian_mask_fmriprep","external_validation","1p8x4x1p8",3,10,0.445940988816616,0.314173612893268,0.649066351724338,0,"operator_replay"
"gaussian_mask_fmriprep","validation","1p8x4x1p8",3,6,0.657400320338759,0.422116854088404,0.573210594711223,1,"operator_replay"
"gaussian_mask_fmriprep","external_validation","1p8x4x4",3,10,0.56207843846162,0.421632371748084,1.11830368507605,2,"operator_replay"
"gaussian_mask_fmriprep","validation","1p8x4x4",3,6,0.95964276843607,0.5091008571615,0.971688809339177,3,"operator_replay"
"gaussian_mask_fmriprep","external_validation","2p1x2p1x2p1",3,10,0.247362472304524,0.156994703566176,0.271486653037154,0,"operator_replay"
"gaussian_mask_fmriprep","validation","2p1x2p1x2p1",3,6,0.475117607859391,0.263386301564937,0.516462132400144,0,"operator_replay"
"gaussian_mask_fmriprep","external_validation","2p1x2p8x3p7",3,10,0.208109488667896,0.140904236565067,0.50496402887196,0,"operator_replay"
"gaussian_mask_fmriprep","validation","2p1x2p8x3p7",3,6,0.703414087045425,0.332677040778289,0.669851429177758,1,"operator_replay"
"gaussian_mask_fmriprep","external_validation","2p8x2p8x2p8",3,10,0.312475234264,0.154096976644773,0.514102731941108,0,"operator_replay"
"gaussian_mask_fmriprep","validation","2p8x2p8x2p8",3,6,0.573409811825353,0.306595373327098,0.861944346734266,1,"operator_replay"
"gaussian_mask_fmriprep","external_validation","2x2x2",3,10,0.320565551875402,0.193698566054501,0.406216230253924,0,"operator_replay"
"gaussian_mask_fmriprep","validation","2x2x2",3,6,0.466286622276878,0.257776470507283,0.484317895804969,0,"operator_replay"
"gaussian_mask_fmriprep","external_validation","2x2x4",3,10,0.447691702163597,0.311116439881103,0.792557010401305,0,"operator_replay"
"gaussian_mask_fmriprep","validation","2x2x4",3,6,0.63579942218621,0.321645332032104,0.650258413362051,1,"operator_replay"
"gaussian_mask_fmriprep","external_validation","3p6x3p6x3p6",3,10,0.295551550157338,0.149811516086313,0.543595537236051,0,"operator_replay"
"gaussian_mask_fmriprep","validation","3p6x3p6x3p6",3,6,0.593849313036351,0.331681072028917,1.10887472522933,1,"operator_replay"
"gaussian_mask_fmriprep","external_validation","4x1p8x1p8",3,10,0.432268898800807,0.297659111451169,0.576497324290991,0,"operator_replay"
"gaussian_mask_fmriprep","validation","4x1p8x1p8",3,6,0.460647893240363,0.359115443738403,0.546047145825442,0,"operator_replay"
"gaussian_mask_fmriprep","external_validation","4x1p8x4",3,10,0.691218304222875,0.507104724284425,1.06318635373033,7,"operator_replay"
"gaussian_mask_fmriprep","validation","4x1p8x4",3,6,0.638782312686435,0.462942059099083,0.94550826539667,3,"operator_replay"
"gaussian_mask_fmriprep","external_validation","4x4x1p8",3,10,0.793825847859303,0.621161670057823,1.11619291813365,9,"operator_replay"
"gaussian_mask_fmriprep","validation","4x4x1p8",3,6,0.801763675207268,0.542130822762434,0.9194387431422,3,"operator_replay"
"gaussian_mask_fmriprep","external_validation","4x4x4",3,10,0.275889590311022,0.212413249950827,0.827366102626028,0,"operator_replay"
"gaussian_mask_fmriprep","validation","4x4x4",3,6,0.568697439000264,0.339040865723806,1.11585879695628,1,"operator_replay"
"gaussian_nomask_fmriprep","external_validation","1p8x1p8x1p8",1.5,10,0.111361601718456,0.0587900352924932,0.0971685250153875,0,"operator_replay"
"gaussian_nomask_fmriprep","validation","1p8x1p8x1p8",1.5,6,0.241436433813187,0.128138555086409,0.30273275077576,0,"operator_replay"
"gaussian_nomask_fmriprep","external_validation","1p8x1p8x4",1.5,10,0.209482213642706,0.155794984240952,0.38773836396833,0,"operator_replay"
"gaussian_nomask_fmriprep","validation","1p8x1p8x4",1.5,6,0.289289844484061,0.151679985824771,0.223693265771755,0,"operator_replay"
"gaussian_nomask_fmriprep","external_validation","1p8x4x1p8",1.5,10,0.183611012171632,0.135048802244197,0.335968176977161,0,"operator_replay"
"gaussian_nomask_fmriprep","validation","1p8x4x1p8",1.5,6,0.291697423488549,0.144129413545001,0.230851807787531,0,"operator_replay"
"gaussian_nomask_fmriprep","external_validation","1p8x4x4",1.5,10,0.201214025541641,0.151068737017634,0.533208570799141,0,"operator_replay"
"gaussian_nomask_fmriprep","validation","1p8x4x4",1.5,6,0.402029057676654,0.179999185301008,0.396499317011979,0,"operator_replay"
"gaussian_nomask_fmriprep","external_validation","2p1x2p1x2p1",1.5,10,0.119729646080872,0.0635094421896132,0.11573149470422,0,"operator_replay"
"gaussian_nomask_fmriprep","validation","2p1x2p1x2p1",1.5,6,0.25150204289943,0.119117439694415,0.348210035947985,0,"operator_replay"
"gaussian_nomask_fmriprep","external_validation","2p1x2p8x3p7",1.5,10,0.13607085744614,0.097652128130207,0.218113335672681,0,"operator_replay"
"gaussian_nomask_fmriprep","validation","2p1x2p8x3p7",1.5,6,0.332592521443525,0.156035254143084,0.405543568824299,0,"operator_replay"
"gaussian_nomask_fmriprep","external_validation","2p8x2p8x2p8",1.5,10,0.152274955602416,0.0773536004837796,0.232769842541521,0,"operator_replay"
"gaussian_nomask_fmriprep","validation","2p8x2p8x2p8",1.5,6,0.283044282509059,0.129217011453304,0.493568987811478,0,"operator_replay"
"gaussian_nomask_fmriprep","external_validation","2x2x2",1.5,10,0.127155000095008,0.0705985523862513,0.135626569677314,0,"operator_replay"
"gaussian_nomask_fmriprep","validation","2x2x2",1.5,6,0.248985108566656,0.120570610257927,0.33247453289403,0,"operator_replay"
"gaussian_nomask_fmriprep","external_validation","2x2x4",1.5,10,0.207313474616903,0.155204963014003,0.438852987703556,0,"operator_replay"
"gaussian_nomask_fmriprep","validation","2x2x4",1.5,6,0.29176928370585,0.151224068734203,0.269345249631868,0,"operator_replay"
"gaussian_nomask_fmriprep","external_validation","3p6x3p6x3p6",1.5,10,0.16063415512199,0.0790115319868678,0.315843223817342,0,"operator_replay"
"gaussian_nomask_fmriprep","validation","3p6x3p6x3p6",1.5,6,0.335796115063615,0.151776796843138,0.726200216978784,0,"operator_replay"
"gaussian_nomask_fmriprep","external_validation","4x1p8x1p8",1.5,10,0.176789385605121,0.11807743562517,0.33999584603697,0,"operator_replay"
"gaussian_nomask_fmriprep","validation","4x1p8x1p8",1.5,6,0.224035456137999,0.116201761481477,0.249722400849593,0,"operator_replay"
"gaussian_nomask_fmriprep","external_validation","4x1p8x4",1.5,10,0.204087430726726,0.155693972330019,0.548374449771324,0,"operator_replay"
"gaussian_nomask_fmriprep","validation","4x1p8x4",1.5,6,0.288666776719284,0.152176013401588,0.402512414510763,0,"operator_replay"
"gaussian_nomask_fmriprep","external_validation","4x4x1p8",1.5,10,0.292400678384858,0.201545470321697,0.545000296863599,0,"operator_replay"
"gaussian_nomask_fmriprep","validation","4x4x1p8",1.5,6,0.227811372315562,0.163758943670108,0.423494057556587,0,"operator_replay"
"gaussian_nomask_fmriprep","external_validation","4x4x4",1.5,10,0.163175319369348,0.1173480402079,0.510594316622837,0,"operator_replay"
"gaussian_nomask_fmriprep","validation","4x4x4",1.5,6,0.352983114362925,0.166190592439166,0.83845613967984,0,"operator_replay"
"gaussian_nomask_fmriprep","external_validation","1p8x1p8x1p8",1.8,10,0.137131420994072,0.0748533776423979,0.118558412131724,0,"operator_replay"
"gaussian_nomask_fmriprep","validation","1p8x1p8x1p8",1.8,6,0.26939483066633,0.12433966051282,0.307289109263249,0,"operator_replay"
"gaussian_nomask_fmriprep","external_validation","1p8x1p8x4",1.8,10,0.20373949483409,0.147547785036725,0.426807131625024,0,"operator_replay"
"gaussian_nomask_fmriprep","validation","1p8x1p8x4",1.8,6,0.3483831547929,0.167808953738124,0.314565196342405,0,"operator_replay"
"gaussian_nomask_fmriprep","external_validation","1p8x4x1p8",1.8,10,0.253121281123283,0.157297432266629,0.399548554037132,0,"operator_replay"
"gaussian_nomask_fmriprep","validation","1p8x4x1p8",1.8,6,0.356909331633914,0.187659114563405,0.328492517482542,0,"operator_replay"
"gaussian_nomask_fmriprep","external_validation","1p8x4x4",1.8,10,0.196051267643377,0.138019106663712,0.492086957328318,0,"operator_replay"
"gaussian_nomask_fmriprep","validation","1p8x4x4",1.8,6,0.521375791756287,0.224970072978365,0.612519886435256,1,"operator_replay"
"gaussian_nomask_fmriprep","external_validation","2p1x2p1x2p1",1.8,10,0.14681794364553,0.0840923200704519,0.151169566560309,0,"operator_replay"
"gaussian_nomask_fmriprep","validation","2p1x2p1x2p1",1.8,6,0.28179538650983,0.128944701016226,0.354762554549812,0,"operator_replay"
"gaussian_nomask_fmriprep","external_validation","2p1x2p8x3p7",1.8,10,0.152381687151369,0.0808090016367616,0.196837034150053,0,"operator_replay"
"gaussian_nomask_fmriprep","validation","2p1x2p8x3p7",1.8,6,0.399060559804666,0.169320306620197,0.51250496858974,0,"operator_replay"
"gaussian_nomask_fmriprep","external_validation","2p8x2p8x2p8",1.8,10,0.188558159128236,0.0951996332611536,0.301821183018008,0,"operator_replay"
"gaussian_nomask_fmriprep","validation","2p8x2p8x2p8",1.8,6,0.332847217130124,0.160701818263591,0.539408600981053,0,"operator_replay"
"gaussian_nomask_fmriprep","external_validation","2x2x2",1.8,10,0.190613293091679,0.113387428784744,0.230230496962481,0,"operator_replay"
"gaussian_nomask_fmriprep","validation","2x2x2",1.8,6,0.277959455458968,0.126887135074848,0.337137547902117,0,"operator_replay"
"gaussian_nomask_fmriprep","external_validation","2x2x4",1.8,10,0.196204294038311,0.144421777330909,0.47678387421022,0,"operator_replay"
"gaussian_nomask_fmriprep","validation","2x2x4",1.8,6,0.351706728854424,0.166613043892981,0.371730230134324,0,"operator_replay"
"gaussian_nomask_fmriprep","external_validation","3p6x3p6x3p6",1.8,10,0.224659697238668,0.106164531859693,0.501652774536195,0,"operator_replay"
"gaussian_nomask_fmriprep","validation","3p6x3p6x3p6",1.8,6,0.411020601825364,0.193302379417969,0.849734074890929,0,"operator_replay"
"gaussian_nomask_fmriprep","external_validation","4x1p8x1p8",1.8,10,0.245314257952134,0.157712504482297,0.39391722492762,0,"operator_replay"
"gaussian_nomask_fmriprep","validation","4x1p8x1p8",1.8,6,0.261127875243556,0.158693129429338,0.341143528052614,0,"operator_replay"
"gaussian_nomask_fmriprep","external_validation","4x1p8x4",1.8,10,0.245651185674393,0.156561154814517,0.475989071333487,0,"operator_replay"
"gaussian_nomask_fmriprep","validation","4x1p8x4",1.8,6,0.366752917366631,0.192365617024262,0.608360580943004,0,"operator_replay"
"gaussian_nomask_fmriprep","external_validation","4x4x1p8",1.8,10,0.34169614455201,0.236796724748073,0.501793362025422,0,"operator_replay"
"gaussian_nomask_fmriprep","validation","4x4x1p8",1.8,6,0.312555740545894,0.238992326539175,0.635639026057337,0,"operator_replay"
"gaussian_nomask_fmriprep","external_validation","4x4x4",1.8,10,0.154646687268307,0.107730413420422,0.466726097438681,0,"operator_replay"
"gaussian_nomask_fmriprep","validation","4x4x4",1.8,6,0.4340180236185,0.209335059599159,1.01820535965426,0,"operator_replay"
"gaussian_nomask_fmriprep","external_validation","1p8x1p8x1p8",2.25,10,0.222429153813593,0.123218056326297,0.235350800400862,0,"operator_replay"
"gaussian_nomask_fmriprep","validation","1p8x1p8x1p8",2.25,6,0.325155699259707,0.168611946932704,0.329344781448254,0,"operator_replay"
"gaussian_nomask_fmriprep","external_validation","1p8x1p8x4",2.25,10,0.204138322677019,0.132573103558861,0.435095648986667,0,"operator_replay"
"gaussian_nomask_fmriprep","validation","1p8x1p8x4",2.25,6,0.458832159380079,0.215707734732341,0.468153484882136,0,"operator_replay"
"gaussian_nomask_fmriprep","external_validation","1p8x4x1p8",2.25,10,0.323424331576817,0.204292711136559,0.440091673915949,0,"operator_replay"
"gaussian_nomask_fmriprep","validation","1p8x4x1p8",2.25,6,0.476092811619977,0.276868464149532,0.491101450015153,0,"operator_replay"
"gaussian_nomask_fmriprep","external_validation","1p8x4x4",2.25,10,0.225447373113073,0.142929108904646,0.46320689018504,0,"operator_replay"
"gaussian_nomask_fmriprep","validation","1p8x4x4",2.25,6,0.693803291275952,0.309908305406098,0.821870280029259,1,"operator_replay"
"gaussian_nomask_fmriprep","external_validation","2p1x2p1x2p1",2.25,10,0.217011811284328,0.122875396993783,0.259084190342462,0,"operator_replay"
"gaussian_nomask_fmriprep","validation","2p1x2p1x2p1",2.25,6,0.344174949675823,0.1853319306554,0.386521648687869,0,"operator_replay"
"gaussian_nomask_fmriprep","external_validation","2p1x2p8x3p7",2.25,10,0.206280545969875,0.0857107380905906,0.304331599834894,0,"operator_replay"
"gaussian_nomask_fmriprep","validation","2p1x2p8x3p7",2.25,6,0.51986336452682,0.216619546795444,0.638527019088867,1,"operator_replay"
"gaussian_nomask_fmriprep","external_validation","2p8x2p8x2p8",2.25,10,0.228202925429278,0.120847712514352,0.360741760204382,0,"operator_replay"
"gaussian_nomask_fmriprep","validation","2p8x2p8x2p8",2.25,6,0.421866457261901,0.224865794368506,0.619351415419581,0,"operator_replay"
"gaussian_nomask_fmriprep","external_validation","2x2x2",2.25,10,0.273588122586049,0.168975727367896,0.357968378299639,0,"operator_replay"
"gaussian_nomask_fmriprep","validation","2x2x2",2.25,6,0.337942762780548,0.180820786776967,0.365075330447859,0,"operator_replay"
"gaussian_nomask_fmriprep","external_validation","2x2x4",2.25,10,0.255889490269222,0.163830397513842,0.486528246105711,0,"operator_replay"
"gaussian_nomask_fmriprep","validation","2x2x4",2.25,6,0.462535465007408,0.214346338281124,0.529186898826423,0,"operator_replay"
"gaussian_nomask_fmriprep","external_validation","3p6x3p6x3p6",2.25,10,0.276755127795456,0.127327520255306,0.61916175320442,0,"operator_replay"
"gaussian_nomask_fmriprep","validation","3p6x3p6x3p6",2.25,6,0.510219968250032,0.260934781714055,1.0281268139072,1,"operator_replay"
"gaussian_nomask_fmriprep","external_validation","4x1p8x1p8",2.25,10,0.315886321525611,0.19800745020374,0.414713678002648,0,"operator_replay"
"gaussian_nomask_fmriprep","validation","4x1p8x1p8",2.25,6,0.333473383844123,0.235566042853069,0.48888538963252,0,"operator_replay"
"gaussian_nomask_fmriprep","external_validation","4x1p8x4",2.25,10,0.297661053055092,0.182941873286337,0.39799437675271,0,"operator_replay"
"gaussian_nomask_fmriprep","validation","4x1p8x4",2.25,6,0.475603385920177,0.266526273671778,0.789160612082062,0,"operator_replay"
"gaussian_nomask_fmriprep","external_validation","4x4x1p8",2.25,10,0.403398312432956,0.291260028930959,0.478929976668564,0,"operator_replay"
"gaussian_nomask_fmriprep","validation","4x4x1p8",2.25,6,0.441927956817224,0.3448433998451,0.819261507084036,0,"operator_replay"
"gaussian_nomask_fmriprep","external_validation","4x4x4",2.25,10,0.178543898385202,0.125267695017057,0.504959005366386,0,"operator_replay"
"gaussian_nomask_fmriprep","validation","4x4x4",2.25,6,0.527049100801767,0.273233901604425,1.17687321803295,1,"operator_replay"
"gaussian_nomask_fmriprep","external_validation","1p8x1p8x1p8",2.7,10,0.296210577938931,0.17195774080106,0.338993815191595,0,"operator_replay"
"gaussian_nomask_fmriprep","validation","1p8x1p8x1p8",2.7,6,0.37891615007745,0.23097207938756,0.342399099974712,0,"operator_replay"
"gaussian_nomask_fmriprep","external_validation","1p8x1p8x4",2.7,10,0.255375769740403,0.152917227460618,0.432724037465076,0,"operator_replay"
"gaussian_nomask_fmriprep","validation","1p8x1p8x4",2.7,6,0.570768265393123,0.278650829122681,0.578505460577295,1,"operator_replay"
"gaussian_nomask_fmriprep","external_validation","1p8x4x1p8",2.7,10,0.380622013667361,0.252790718653107,0.479274229934457,0,"operator_replay"
"gaussian_nomask_fmriprep","validation","1p8x4x1p8",2.7,6,0.591447193103316,0.369029786771329,0.606680963510062,1,"operator_replay"
"gaussian_nomask_fmriprep","external_validation","1p8x4x4",2.7,10,0.291114921456909,0.185130084878106,0.527929994035212,0,"operator_replay"
"gaussian_nomask_fmriprep","validation","1p8x4x4",2.7,6,0.82201458129607,0.391749169011666,0.941933425795586,2,"operator_replay"
"gaussian_nomask_fmriprep","external_validation","2p1x2p1x2p1",2.7,10,0.274555782938333,0.1616058434967,0.349947333237861,0,"operator_replay"
"gaussian_nomask_fmriprep","validation","2p1x2p1x2p1",2.7,6,0.411460334745444,0.251534201517171,0.41947105569047,0,"operator_replay"
"gaussian_nomask_fmriprep","external_validation","2p1x2p8x3p7",2.7,10,0.235185468554926,0.104990963793315,0.355893755450369,0,"operator_replay"
"gaussian_nomask_fmriprep","validation","2p1x2p8x3p7",2.7,6,0.630544570666258,0.278047864840482,0.721729598299145,1,"operator_replay"
"gaussian_nomask_fmriprep","external_validation","2p8x2p8x2p8",2.7,10,0.249811217164959,0.148662663453941,0.37066544169212,0,"operator_replay"
"gaussian_nomask_fmriprep","validation","2p8x2p8x2p8",2.7,6,0.508732367100169,0.290892588748092,0.685271577320592,1,"operator_replay"
"gaussian_nomask_fmriprep","external_validation","2x2x2",2.7,10,0.340861387654475,0.216018409023312,0.466551958992544,0,"operator_replay"
"gaussian_nomask_fmriprep","validation","2x2x2",2.7,6,0.401279885615326,0.245906885925933,0.401059651263305,0,"operator_replay"
"gaussian_nomask_fmriprep","external_validation","2x2x4",2.7,10,0.312147008020837,0.196705155786174,0.503361066237279,0,"operator_replay"
"gaussian_nomask_fmriprep","validation","2x2x4",2.7,6,0.575354594707745,0.27691357338889,0.630715048951927,1,"operator_replay"
"gaussian_nomask_fmriprep","external_validation","3p6x3p6x3p6",2.7,10,0.288678642103676,0.136182349567174,0.583034755534442,0,"operator_replay"
"gaussian_nomask_fmriprep","validation","3p6x3p6x3p6",2.7,6,0.587058506610339,0.321512252682418,1.06508506491923,1,"operator_replay"
"gaussian_nomask_fmriprep","external_validation","4x1p8x1p8",2.7,10,0.373035395465787,0.238398297181677,0.427418278672272,0,"operator_replay"
"gaussian_nomask_fmriprep","validation","4x1p8x1p8",2.7,6,0.402873206580033,0.313351316668972,0.593201638321304,0,"operator_replay"
"gaussian_nomask_fmriprep","external_validation","4x1p8x4",2.7,10,0.374124104556169,0.237306092057876,0.440066459771913,0,"operator_replay"
"gaussian_nomask_fmriprep","validation","4x1p8x4",2.7,6,0.541579576146749,0.332129768893719,0.895908426307839,1,"operator_replay"
"gaussian_nomask_fmriprep","external_validation","4x4x1p8",2.7,10,0.50309765205196,0.380417259780042,0.543793268059733,1,"operator_replay"
"gaussian_nomask_fmriprep","validation","4x4x1p8",2.7,6,0.590201670814196,0.460387654502084,0.933408989195772,2,"operator_replay"
"gaussian_nomask_fmriprep","external_validation","4x4x4",2.7,10,0.215454647459295,0.155725825578508,0.615736219317453,0,"operator_replay"
"gaussian_nomask_fmriprep","validation","4x4x4",2.7,6,0.583908977948407,0.326663559495124,1.13435114987627,1,"operator_replay"
"gaussian_nomask_fmriprep","external_validation","1p8x1p8x1p8",3,10,0.326716004078104,0.191052283738832,0.374987720403732,0,"operator_replay"
"gaussian_nomask_fmriprep","validation","1p8x1p8x1p8",3,6,0.443620186356174,0.275986299147682,0.408487073543042,0,"operator_replay"
"gaussian_nomask_fmriprep","external_validation","1p8x1p8x4",3,10,0.277698870701392,0.164722096345235,0.421893755663845,0,"operator_replay"
"gaussian_nomask_fmriprep","validation","1p8x1p8x4",3,6,0.663249080539646,0.324062015366323,0.647153794931704,1,"operator_replay"
"gaussian_nomask_fmriprep","external_validation","1p8x4x1p8",3,10,0.40781982937557,0.277224220285446,0.503035089846179,0,"operator_replay"
"gaussian_nomask_fmriprep","validation","1p8x4x1p8",3,6,0.684247163886505,0.432246148457088,0.677480341562555,1,"operator_replay"
"gaussian_nomask_fmriprep","external_validation","1p8x4x4",3,10,0.338893725788321,0.213232464793095,0.576194509767872,0,"operator_replay"
"gaussian_nomask_fmriprep","validation","1p8x4x4",3,6,0.915789414980802,0.446037807709979,0.99284629668427,2,"operator_replay"
"gaussian_nomask_fmriprep","external_validation","2p1x2p1x2p1",3,10,0.295197989276655,0.177934317691098,0.371414347919431,0,"operator_replay"
"gaussian_nomask_fmriprep","validation","2p1x2p1x2p1",3,6,0.482136088917046,0.29806378997939,0.488568150760796,0,"operator_replay"
"gaussian_nomask_fmriprep","external_validation","2p1x2p8x3p7",3,10,0.259371216017061,0.118305835973268,0.385988777307404,0,"operator_replay"
"gaussian_nomask_fmriprep","validation","2p1x2p8x3p7",3,6,0.72059438372231,0.323865574753423,0.798732414785338,1,"operator_replay"
"gaussian_nomask_fmriprep","external_validation","2p8x2p8x2p8",3,10,0.272646835420367,0.16481024715953,0.398739481714346,0,"operator_replay"
"gaussian_nomask_fmriprep","validation","2p8x2p8x2p8",3,6,0.578846383908793,0.336778340458191,0.774886279039704,1,"operator_replay"
"gaussian_nomask_fmriprep","external_validation","2x2x2",3,10,0.367985229229158,0.233177339168156,0.503211172419989,0,"operator_replay"
"gaussian_nomask_fmriprep","validation","2x2x2",3,6,0.472254860358959,0.292348979479991,0.471420853089302,0,"operator_replay"
"gaussian_nomask_fmriprep","external_validation","2x2x4",3,10,0.343323434227015,0.213732371347338,0.533199096562431,0,"operator_replay"
"gaussian_nomask_fmriprep","validation","2x2x4",3,6,0.660567080073932,0.319837389730358,0.699450957247041,1,"operator_replay"
"gaussian_nomask_fmriprep","external_validation","3p6x3p6x3p6",3,10,0.296307645339376,0.148962144040956,0.545600582564848,0,"operator_replay"
"gaussian_nomask_fmriprep","validation","3p6x3p6x3p6",3,6,0.637113485693577,0.359402485692882,1.07217454704741,1,"operator_replay"
"gaussian_nomask_fmriprep","external_validation","4x1p8x1p8",3,10,0.399496541345035,0.261360142429881,0.427736562296651,0,"operator_replay"
"gaussian_nomask_fmriprep","validation","4x1p8x1p8",3,6,0.46480299912019,0.366385540934734,0.65903449658934,0,"operator_replay"
"gaussian_nomask_fmriprep","external_validation","4x1p8x4",3,10,0.422057934542278,0.271022778724405,0.479697012607843,0,"operator_replay"
"gaussian_nomask_fmriprep","validation","4x1p8x4",3,6,0.585863696271753,0.371187582705006,0.939740661761183,1,"operator_replay"
"gaussian_nomask_fmriprep","external_validation","4x4x1p8",3,10,0.566673645213438,0.439754993968622,0.596380169613498,3,"operator_replay"
"gaussian_nomask_fmriprep","validation","4x4x1p8",3,6,0.686854765470026,0.533637055070403,0.983614751331856,4,"operator_replay"
"gaussian_nomask_fmriprep","external_validation","4x4x4",3,10,0.230884234381004,0.178280611015389,0.677399624612566,0,"operator_replay"
"gaussian_nomask_fmriprep","validation","4x4x4",3,6,0.617234514293359,0.358207250639347,1.07589021485432,1,"operator_replay"
"susan_template","external_validation","1p8x1p8x1p8",1.5,10,0.127631010410853,0.093783363377603,0.167109065096434,0,"calibration"
"susan_template","validation","1p8x1p8x1p8",1.5,6,0.100837137576357,0.0739338408225333,0.144046803176435,0,"calibration"
"susan_template","external_validation","1p8x1p8x4",1.5,10,0.158244380750514,0.0604068532109191,0.308126660378625,0,"calibration"
"susan_template","validation","1p8x1p8x4",1.5,6,0.0569328312994755,0.0309274779471389,0.0612235492622784,0,"calibration"
"susan_template","external_validation","1p8x4x1p8",1.5,10,0.13550645720329,0.080015727414874,0.122921205284111,0,"calibration"
"susan_template","validation","1p8x4x1p8",1.5,6,0.0914418455027496,0.0694056487850779,0.0763792914238275,0,"calibration"
"susan_template","external_validation","1p8x4x4",1.5,10,0.140080362396177,0.0743487165945793,0.281213449383771,0,"calibration"
"susan_template","validation","1p8x4x4",1.5,6,0.0840602321416787,0.0516153116551723,0.133113593035294,0,"calibration"
"susan_template","external_validation","2p1x2p1x2p1",1.5,10,0.122615936440569,0.0843278153194867,0.181697046793015,0,"calibration"
"susan_template","validation","2p1x2p1x2p1",1.5,6,0.0993069856740527,0.0686911265448815,0.161405443483754,0,"calibration"
"susan_template","external_validation","2p1x2p8x3p7",1.5,10,0.0874874089787878,0.0608243301178369,0.191277480738894,0,"calibration"
"susan_template","validation","2p1x2p8x3p7",1.5,6,0.0772899735182176,0.0648333058453573,0.185617411609512,0,"calibration"
"susan_template","external_validation","2p8x2p8x2p8",1.5,10,0.0887931589560083,0.0522469882777662,0.162074847699911,0,"calibration"
"susan_template","validation","2p8x2p8x2p8",1.5,6,0.0900963569932328,0.0653568497043227,0.182152904059644,0,"calibration"
"susan_template","external_validation","2x2x2",1.5,10,0.135496512202783,0.100709513783819,0.196737124790921,0,"calibration"
"susan_template","validation","2x2x2",1.5,6,0.100629832180057,0.0709847676553447,0.157471385571374,0,"calibration"
"susan_template","external_validation","2x2x4",1.5,10,0.115459172250163,0.0524266675645265,0.215414731627743,0,"calibration"
"susan_template","validation","2x2x4",1.5,6,0.0546727227871999,0.0364978289012886,0.102726630233498,0,"calibration"
"susan_template","external_validation","3p6x3p6x3p6",1.5,10,0.0649171935266942,0.0454566150665679,0.148753937970004,0,"calibration"
"susan_template","validation","3p6x3p6x3p6",1.5,6,0.135412283820558,0.0711554746712542,0.288631770323378,0,"calibration"
"susan_template","external_validation","4x1p8x1p8",1.5,10,0.131138469261519,0.0939196978280975,0.180605350358893,0,"calibration"
"susan_template","validation","4x1p8x1p8",1.5,6,0.0999885689332064,0.0707651395209783,0.0638463959786417,0,"calibration"
"susan_template","external_validation","4x1p8x4",1.5,10,0.151210302125377,0.0761179169484224,0.323221803208018,0,"calibration"
"susan_template","validation","4x1p8x4",1.5,6,0.0729623321358344,0.0466904992749434,0.118384685923317,0,"calibration"
"susan_template","external_validation","4x4x1p8",1.5,10,0.144073933914638,0.078035322766909,0.254759890777384,0,"calibration"
"susan_template","validation","4x4x1p8",1.5,6,0.0980641844995185,0.0625672991634807,0.136006666112536,0,"calibration"
"susan_template","external_validation","4x4x4",1.5,10,0.136068543796775,0.0777313690938174,0.386466432090069,0,"calibration"
"susan_template","validation","4x4x4",1.5,6,0.15598796483161,0.0769616607933588,0.39571401583389,0,"calibration"
"susan_template","external_validation","1p8x1p8x1p8",1.8,10,0.142150719447994,0.0934010037768631,0.170943590139738,0,"calibration"
"susan_template","validation","1p8x1p8x1p8",1.8,6,0.112939178256951,0.080874110960951,0.152017032484298,0,"calibration"
"susan_template","external_validation","1p8x1p8x4",1.8,10,0.125204832280923,0.0586308674382961,0.23357827073753,0,"calibration"
"susan_template","validation","1p8x1p8x4",1.8,6,0.0725371931129898,0.0410594859944432,0.0994450487715515,0,"calibration"
"susan_template","external_validation","1p8x4x1p8",1.8,10,0.161909508239408,0.0919911085823654,0.152374071338327,0,"calibration"
"susan_template","validation","1p8x4x1p8",1.8,6,0.117999752164844,0.087094782519257,0.119604051587945,0,"calibration"
"susan_template","external_validation","1p8x4x4",1.8,10,0.0967314933263812,0.0480831018021123,0.172813237419563,0,"calibration"
"susan_template","validation","1p8x4x4",1.8,6,0.223991660794926,0.0972831831301241,0.428454574782739,0,"calibration"
"susan_template","external_validation","2p1x2p1x2p1",1.8,10,0.116112903968051,0.0661684685655367,0.142846490291997,0,"calibration"
"susan_template","validation","2p1x2p1x2p1",1.8,6,0.092786462395127,0.0661056546033853,0.132176966486609,0,"calibration"
"susan_template","external_validation","2p1x2p8x3p7",1.8,10,0.137880258849911,0.0819828006090233,0.26858000379469,0,"calibration"
"susan_template","validation","2p1x2p8x3p7",1.8,6,0.165714268810336,0.0871751251122633,0.297526132264397,0,"calibration"
"susan_template","external_validation","2p8x2p8x2p8",1.8,10,0.150183951100738,0.0812105688403073,0.349637112581268,0,"calibration"
"susan_template","validation","2p8x2p8x2p8",1.8,6,0.170800207186102,0.0841788756312152,0.31051388334634,0,"calibration"
"susan_template","external_validation","2x2x2",1.8,10,0.130371203125231,0.0782116077270225,0.156708422063357,0,"calibration"
"susan_template","validation","2x2x2",1.8,6,0.10041677524707,0.071158594664608,0.142490840784379,0,"calibration"
"susan_template","external_validation","2x2x4",1.8,10,0.0828760140359376,0.0545510567177709,0.157417292905338,0,"calibration"
"susan_template","validation","2x2x4",1.8,6,0.0981259537459467,0.0408760640088487,0.114397486454201,0,"calibration"
"susan_template","external_validation","3p6x3p6x3p6",1.8,10,0.183616721907724,0.126613505220033,0.589674721659596,0,"calibration"
"susan_template","validation","3p6x3p6x3p6",1.8,6,0.2481333143372,0.134956721651491,0.640980617095511,0,"calibration"
"susan_template","external_validation","4x1p8x1p8",1.8,10,0.153581566484388,0.1008342946256,0.182430806966755,0,"calibration"
"susan_template","validation","4x1p8x1p8",1.8,6,0.123141446245721,0.0872175663083146,0.100833653100164,0,"calibration"
"susan_template","external_validation","4x1p8x4",1.8,10,0.124722505444141,0.0772442463002013,0.20448171360681,0,"calibration"
"susan_template","validation","4x1p8x4",1.8,6,0.209274749142322,0.112521909286414,0.429156561743438,0,"calibration"
"susan_template","external_validation","4x4x1p8",1.8,10,0.0843572117345512,0.0439844769898309,0.257571689014277,0,"calibration"
"susan_template","validation","4x4x1p8",1.8,6,0.185740342392414,0.0885202029375211,0.486210963392062,0,"calibration"
"susan_template","external_validation","4x4x4",1.8,10,0.115298882930603,0.0633108114485104,0.372467819114742,0,"calibration"
"susan_template","validation","4x4x4",1.8,6,0.283171073743436,0.149015936204882,0.834754621933831,0,"calibration"
"susan_template","external_validation","1p8x1p8x1p8",2.25,10,0.182633870632731,0.115034572441786,0.222052908043326,0,"calibration"
"susan_template","validation","1p8x1p8x1p8",2.25,6,0.156171038892141,0.118002373607015,0.213644794291425,0,"calibration"
"susan_template","external_validation","1p8x1p8x4",2.25,10,0.100779144556219,0.0587352181843304,0.131666003521191,0,"calibration"
"susan_template","validation","1p8x1p8x4",2.25,6,0.168784513550083,0.0687738718566042,0.234172092037681,0,"calibration"
"susan_template","external_validation","1p8x4x1p8",2.25,10,0.13392802728917,0.067251227800669,0.167260127298408,0,"calibration"
"susan_template","validation","1p8x4x1p8",2.25,6,0.174115400684287,0.0907387848735842,0.282021538243444,0,"calibration"
"susan_template","external_validation","1p8x4x4",2.25,10,0.203982255989929,0.113421940199674,0.424408848723001,0,"calibration"
"susan_template","validation","1p8x4x4",2.25,6,0.399134387906746,0.197484966721996,0.721554641653513,0,"calibration"
"susan_template","external_validation","2p1x2p1x2p1",2.25,10,0.131116924938432,0.0791945628506443,0.155500951593507,0,"calibration"
"susan_template","validation","2p1x2p1x2p1",2.25,6,0.116490648279855,0.0856220212267857,0.157835842617232,0,"calibration"
"susan_template","external_validation","2p1x2p8x3p7",2.25,10,0.218714882933215,0.133028197858398,0.500980476188936,0,"calibration"
"susan_template","validation","2p1x2p8x3p7",2.25,6,0.277084107408899,0.139547771440242,0.49543113299731,0,"calibration"
"susan_template","external_validation","2p8x2p8x2p8",2.25,10,0.200416286151314,0.125117632434577,0.508793782915258,0,"calibration"
"susan_template","validation","2p8x2p8x2p8",2.25,6,0.238924153210839,0.125917512587394,0.443290462697406,0,"calibration"
"susan_template","external_validation","2x2x2",2.25,10,0.14556064173724,0.0835976873600056,0.164283605888032,0,"calibration"
"susan_template","validation","2x2x2",2.25,6,0.128826489844202,0.0948243037361874,0.182978498839716,0,"calibration"
"susan_template","external_validation","2x2x4",2.25,10,0.164044119413327,0.103802273511709,0.271280265384256,0,"calibration"
"susan_template","validation","2x2x4",2.25,6,0.22380720714156,0.0975246023000778,0.350141196429576,0,"calibration"
"susan_template","external_validation","3p6x3p6x3p6",2.25,10,0.231545980715771,0.169283234177496,0.734563548467857,0,"calibration"
"susan_template","validation","3p6x3p6x3p6",2.25,6,0.314765736466082,0.188789447733239,0.791085203389258,0,"calibration"
"susan_template","external_validation","4x1p8x1p8",2.25,10,0.120414407963902,0.0800155349323239,0.25028993133988,0,"calibration"
"susan_template","validation","4x1p8x1p8",2.25,6,0.162716490609178,0.093513471418615,0.279465827076317,0,"calibration"
"susan_template","external_validation","4x1p8x4",2.25,10,0.262719338850254,0.189119261197847,0.474425967428059,0,"calibration"
"susan_template","validation","4x1p8x4",2.25,6,0.39199200961024,0.247223293209491,0.70935027652624,0,"calibration"
"susan_template","external_validation","4x4x1p8",2.25,10,0.198402179211065,0.108791460176576,0.542491345051896,0,"calibration"
"susan_template","validation","4x4x1p8",2.25,6,0.286756990516474,0.164751976522542,0.80316333934165,0,"calibration"
"susan_template","external_validation","4x4x4",2.25,10,0.162386149906345,0.0999309913714383,0.468263896092637,0,"calibration"
"susan_template","validation","4x4x4",2.25,6,0.355563637678842,0.197733114878048,0.95493888836149,0,"calibration"
"susan_template","external_validation","1p8x1p8x1p8",2.7,10,0.184964817057329,0.10717655369734,0.213730181428847,0,"calibration"
"susan_template","validation","1p8x1p8x1p8",2.7,6,0.164013575449493,0.122247328148143,0.21131803687375,0,"calibration"
"susan_template","external_validation","1p8x1p8x4",2.7,10,0.100949724248963,0.066139686216554,0.189107449247223,0,"calibration"
"susan_template","validation","1p8x1p8x4",2.7,6,0.183545091103203,0.074526169037074,0.242754916513253,0,"calibration"
"susan_template","external_validation","1p8x4x1p8",2.7,10,0.17593559260521,0.0980144360382895,0.170157206315215,0,"calibration"
"susan_template","validation","1p8x4x1p8",2.7,6,0.196881232712848,0.123009074166949,0.321388160550297,0,"calibration"
"susan_template","external_validation","1p8x4x4",2.7,10,0.127213215414411,0.0740244427126552,0.267094056497415,0,"calibration"
"susan_template","validation","1p8x4x4",2.7,6,0.39411070820558,0.163452512375796,0.615851454413097,0,"calibration"
"susan_template","external_validation","2p1x2p1x2p1",2.7,10,0.137548769628397,0.0893933146872816,0.231180947586114,0,"calibration"
"susan_template","validation","2p1x2p1x2p1",2.7,6,0.190556502204316,0.0973697858941387,0.206402778665256,0,"calibration"
"susan_template","external_validation","2p1x2p8x3p7",2.7,10,0.234656014258388,0.138683721670674,0.521343396563475,0,"calibration"
"susan_template","validation","2p1x2p8x3p7",2.7,6,0.358899238225719,0.171497669885678,0.560501622430701,0,"calibration"
"susan_template","external_validation","2p8x2p8x2p8",2.7,10,0.224940118717647,0.144424107672361,0.545439321110617,0,"calibration"
"susan_template","validation","2p8x2p8x2p8",2.7,6,0.307121911327502,0.163751716391129,0.563474076910859,0,"calibration"
"susan_template","external_validation","2x2x2",2.7,10,0.136841224565181,0.093951170798928,0.215310058046112,0,"calibration"
"susan_template","validation","2x2x2",2.7,6,0.168812821709844,0.101651723096869,0.162177953042343,0,"calibration"
"susan_template","external_validation","2x2x4",2.7,10,0.169308239959987,0.103777066839852,0.271510347878953,0,"calibration"
"susan_template","validation","2x2x4",2.7,6,0.26090076227956,0.108855609292429,0.386308398260765,0,"calibration"
"susan_template","external_validation","3p6x3p6x3p6",2.7,10,0.190063462170948,0.136883141317454,0.538207025983663,0,"calibration"
"susan_template","validation","3p6x3p6x3p6",2.7,6,0.331468791849507,0.185727163200186,0.711884325518527,0,"calibration"
"susan_template","external_validation","4x1p8x1p8",2.7,10,0.161342878310434,0.0987117198948027,0.269886953720421,0,"calibration"
"susan_template","validation","4x1p8x1p8",2.7,6,0.197891128169333,0.117132097725125,0.303865358158237,0,"calibration"
"susan_template","external_validation","4x1p8x4",2.7,10,0.21037230343641,0.142708384551063,0.328954378544923,0,"calibration"
"susan_template","validation","4x1p8x4",2.7,6,0.397017213634124,0.230248957393459,0.585719814069074,0,"calibration"
"susan_template","external_validation","4x4x1p8",2.7,10,0.136987543682334,0.0771912688077292,0.414777091283208,0,"calibration"
"susan_template","validation","4x4x1p8",2.7,6,0.284626479950671,0.141348376050371,0.727016294783205,0,"calibration"
"susan_template","external_validation","4x4x4",2.7,10,0.125526996750016,0.0699712464375154,0.338377156654877,0,"calibration"
"susan_template","validation","4x4x4",2.7,6,0.350927961210357,0.169832246183192,0.758535835570392,0,"calibration"
"susan_template","external_validation","1p8x1p8x1p8",3,10,0.203043729582576,0.118898644521559,0.245596621989877,0,"calibration"
"susan_template","validation","1p8x1p8x1p8",3,6,0.186016637117448,0.141353595747206,0.241755232993753,0,"calibration"
"susan_template","external_validation","1p8x1p8x4",3,10,0.132697018593233,0.0830260741817376,0.216321545387522,0,"calibration"
"susan_template","validation","1p8x1p8x4",3,6,0.269706158195022,0.112652778497945,0.296627160514712,0,"calibration"
"susan_template","external_validation","1p8x4x1p8",3,10,0.171862635027003,0.0919151275625823,0.197212777898088,0,"calibration"
"susan_template","validation","1p8x4x1p8",3,6,0.269098278170516,0.121441132607671,0.388399304554246,0,"calibration"
"susan_template","external_validation","1p8x4x4",3,10,0.235016362928244,0.105852707644349,0.389341448395546,0,"calibration"
"susan_template","validation","1p8x4x4",3,6,0.389306796880936,0.149316591275827,0.444136582726809,0,"calibration"
"susan_template","external_validation","2p1x2p1x2p1",3,10,0.14187260577439,0.0982032158739864,0.220432161992449,0,"calibration"
"susan_template","validation","2p1x2p1x2p1",3,6,0.207226787918873,0.113073913012093,0.216772790951326,0,"calibration"
"susan_template","external_validation","2p1x2p8x3p7",3,10,0.171117030685847,0.0988329350828473,0.369471391383792,0,"calibration"
"susan_template","validation","2p1x2p8x3p7",3,6,0.348488049899806,0.146088102687362,0.461295916684975,0,"calibration"
"susan_template","external_validation","2p8x2p8x2p8",3,10,0.188186625571229,0.114876717308574,0.418811703437775,0,"calibration"
"susan_template","validation","2p8x2p8x2p8",3,6,0.305834471970713,0.151583794941952,0.510319619195608,0,"calibration"
"susan_template","external_validation","2x2x2",3,10,0.150895858939152,0.102438872611872,0.218241256352028,0,"calibration"
"susan_template","validation","2x2x2",3,6,0.185740791626968,0.119243934822665,0.189435103003244,0,"calibration"
"susan_template","external_validation","2x2x4",3,10,0.178116020160953,0.114957113446318,0.244743832906343,0,"calibration"
"susan_template","validation","2x2x4",3,6,0.326195029160177,0.142138432598018,0.418056125067206,0,"calibration"
"susan_template","external_validation","3p6x3p6x3p6",3,10,0.122570166967714,0.0782772898519531,0.325995581174979,0,"calibration"
"susan_template","validation","3p6x3p6x3p6",3,6,0.2791224369436,0.138744301771817,0.445222807433309,0,"calibration"
"susan_template","external_validation","4x1p8x1p8",3,10,0.161497842618509,0.104170320275705,0.292923219062348,0,"calibration"
"susan_template","validation","4x1p8x1p8",3,6,0.251812673544565,0.129033999226139,0.362777506539651,0,"calibration"
"susan_template","external_validation","4x1p8x4",3,10,0.152166727857438,0.108880508389874,0.359644274253354,0,"calibration"
"susan_template","validation","4x1p8x4",3,6,0.405087224157018,0.218458848135615,0.407896727111439,0,"calibration"
"susan_template","external_validation","4x4x1p8",3,10,0.193114741389559,0.0706661696920763,0.350877105318954,0,"calibration"
"susan_template","validation","4x4x1p8",3,6,0.243309110092968,0.102299913024328,0.564269252995807,0,"calibration"
"susan_template","external_validation","4x4x4",3,10,0.258389519097975,0.156129375720567,0.828358024401261,0,"calibration"
"susan_template","validation","4x4x4",3,6,0.277996276971472,0.145191360495694,0.380703868040742,0,"calibration"
"gaussian_mask_template","external_validation","1p8x1p8x1p8",1.5,10,0.087801000104059,0.05339095139014,0.078447879969834,0,"operator_replay"
"gaussian_mask_template","validation","1p8x1p8x1p8",1.5,6,0.187337400007128,0.0961179036685561,0.210516953629566,0,"operator_replay"
"gaussian_mask_template","external_validation","1p8x1p8x4",1.5,10,0.113147564936882,0.0933508748749582,0.188561823527418,0,"operator_replay"
"gaussian_mask_template","validation","1p8x1p8x4",1.5,6,0.221114576531678,0.128454804491837,0.328044573735953,0,"operator_replay"
"gaussian_mask_template","external_validation","1p8x4x1p8",1.5,10,0.149409703538029,0.121680132907981,0.200150608781273,0,"operator_replay"
"gaussian_mask_template","validation","1p8x4x1p8",1.5,6,0.229390737346277,0.138819872841091,0.310142749513239,0,"operator_replay"
"gaussian_mask_template","external_validation","1p8x4x4",1.5,10,0.176163929995714,0.130879751568231,0.142892839419515,0,"operator_replay"
"gaussian_mask_template","validation","1p8x4x4",1.5,6,0.27226663766,0.133470394389654,0.363274721058614,0,"operator_replay"
"gaussian_mask_template","external_validation","2p1x2p1x2p1",1.5,10,0.0992401441439628,0.0571412636278391,0.102299669668832,0,"operator_replay"
"gaussian_mask_template","validation","2p1x2p1x2p1",1.5,6,0.189580182293619,0.0961271613488503,0.24526912554098,0,"operator_replay"
"gaussian_mask_template","external_validation","2p1x2p8x3p7",1.5,10,0.100412795669776,0.0538503417904747,0.208302305187111,0,"operator_replay"
"gaussian_mask_template","validation","2p1x2p8x3p7",1.5,6,0.248450979331655,0.107662649333729,0.35765795521417,0,"operator_replay"
"gaussian_mask_template","external_validation","2p8x2p8x2p8",1.5,10,0.131833300658861,0.0753803480720556,0.21277672630537,0,"operator_replay"
"gaussian_mask_template","validation","2p8x2p8x2p8",1.5,6,0.218817341998268,0.107440778289781,0.37865282335565,0,"operator_replay"
"gaussian_mask_template","external_validation","2x2x2",1.5,10,0.0862566350226326,0.0540071209817971,0.0895619722196233,0,"operator_replay"
"gaussian_mask_template","validation","2x2x2",1.5,6,0.186990897850995,0.0949697321794682,0.228598927313323,0,"operator_replay"
"gaussian_mask_template","external_validation","2x2x4",1.5,10,0.125229030269041,0.0976819292303571,0.172747737366619,0,"operator_replay"
"gaussian_mask_template","validation","2x2x4",1.5,6,0.215340519873061,0.119752745242409,0.338496744249033,0,"operator_replay"
"gaussian_mask_template","external_validation","3p6x3p6x3p6",1.5,10,0.150175294836179,0.0917151659842726,0.377224626438597,0,"operator_replay"
"gaussian_mask_template","validation","3p6x3p6x3p6",1.5,6,0.264523539499035,0.123223475287578,0.590526012682772,0,"operator_replay"
"gaussian_mask_template","external_validation","4x1p8x1p8",1.5,10,0.191896253039435,0.144565894287658,0.227877138122798,0,"operator_replay"
"gaussian_mask_template","validation","4x1p8x1p8",1.5,6,0.173412541837255,0.1459407167087,0.316430251319968,0,"operator_replay"
"gaussian_mask_template","external_validation","4x1p8x4",1.5,10,0.205072546645363,0.154803058904553,0.190909803875009,0,"operator_replay"
"gaussian_mask_template","validation","4x1p8x4",1.5,6,0.180868374714502,0.14021239496845,0.369921068608304,0,"operator_replay"
"gaussian_mask_template","external_validation","4x4x1p8",1.5,10,0.281084553413133,0.194147622784865,0.138073309756617,0,"operator_replay"
"gaussian_mask_template","validation","4x4x1p8",1.5,6,0.224795949761563,0.162197080911806,0.366357385833431,0,"operator_replay"
"gaussian_mask_template","external_validation","4x4x4",1.5,10,0.097065000578139,0.055336506974227,0.178727929210975,0,"operator_replay"
"gaussian_mask_template","validation","4x4x4",1.5,6,0.278908598545364,0.131755420139862,0.700508935455134,0,"operator_replay"
"gaussian_mask_template","external_validation","1p8x1p8x1p8",1.8,10,0.109698745020998,0.0627644432157682,0.0940109717075854,0,"operator_replay"
"gaussian_mask_template","validation","1p8x1p8x1p8",1.8,6,0.22420986088227,0.109119280916615,0.235780995956105,0,"operator_replay"
"gaussian_mask_template","external_validation","1p8x1p8x4",1.8,10,0.124863412434802,0.0829847452882815,0.134830667265242,0,"operator_replay"
"gaussian_mask_template","validation","1p8x1p8x4",1.8,6,0.275786614787783,0.131750386409872,0.347908354132662,0,"operator_replay"
"gaussian_mask_template","external_validation","1p8x4x1p8",1.8,10,0.220532189764957,0.124661574865071,0.117428393880408,0,"operator_replay"
"gaussian_mask_template","validation","1p8x4x1p8",1.8,6,0.286878678203728,0.158847242456964,0.339773441682605,0,"operator_replay"
"gaussian_mask_template","external_validation","1p8x4x4",1.8,10,0.243151114391878,0.177244882723906,0.389762401558836,0,"operator_replay"
"gaussian_mask_template","validation","1p8x4x4",1.8,6,0.383765790715785,0.185888070574256,0.379869203690348,0,"operator_replay"
"gaussian_mask_template","external_validation","2p1x2p1x2p1",1.8,10,0.11733808434769,0.0697746690383153,0.105237246876364,0,"operator_replay"
"gaussian_mask_template","validation","2p1x2p1x2p1",1.8,6,0.233301561175484,0.112687176229192,0.284423873883937,0,"operator_replay"
"gaussian_mask_template","external_validation","2p1x2p8x3p7",1.8,10,0.100658959040763,0.061129707822781,0.17397522667989,0,"operator_replay"
"gaussian_mask_template","validation","2p1x2p8x3p7",1.8,6,0.322630955112553,0.140007382426792,0.388780264019833,0,"operator_replay"
"gaussian_mask_template","external_validation","2p8x2p8x2p8",1.8,10,0.172710453550039,0.0933750408338683,0.280621207177742,0,"operator_replay"
"gaussian_mask_template","validation","2p8x2p8x2p8",1.8,6,0.286728570173488,0.1344894845803,0.479786934986812,0,"operator_replay"
"gaussian_mask_template","external_validation","2x2x2",1.8,10,0.14178108497421,0.081183842238012,0.165937795243455,0,"operator_replay"
"gaussian_mask_template","validation","2x2x2",1.8,6,0.229321375010581,0.111906364662302,0.264085994176108,0,"operator_replay"
"gaussian_mask_template","external_validation","2x2x4",1.8,10,0.159359893156966,0.10908060870561,0.197386565781542,0,"operator_replay"
"gaussian_mask_template","validation","2x2x4",1.8,6,0.270906700393503,0.129452256951944,0.360355468616596,0,"operator_replay"
"gaussian_mask_template","external_validation","3p6x3p6x3p6",1.8,10,0.19885399748956,0.1117631922125,0.467109774550035,0,"operator_replay"
"gaussian_mask_template","validation","3p6x3p6x3p6",1.8,6,0.357190141727063,0.16084975754761,0.777725661304556,0,"operator_replay"
"gaussian_mask_template","external_validation","4x1p8x1p8",1.8,10,0.21322660736538,0.150488276997263,0.160192504229384,0,"operator_replay"
"gaussian_mask_template","validation","4x1p8x1p8",1.8,6,0.197131657961579,0.146230382506157,0.347977305123159,0,"operator_replay"
"gaussian_mask_template","external_validation","4x1p8x4",1.8,10,0.290813935881531,0.210716022649396,0.407764024087709,0,"operator_replay"
"gaussian_mask_template","validation","4x1p8x4",1.8,6,0.258322208251955,0.185868180141445,0.386255613672452,0,"operator_replay"
"gaussian_mask_template","external_validation","4x4x1p8",1.8,10,0.370281243432977,0.258974208454547,0.409011693545104,0,"operator_replay"
"gaussian_mask_template","validation","4x4x1p8",1.8,6,0.314965570154975,0.213722111815884,0.399640383873729,0,"operator_replay"
"gaussian_mask_template","external_validation","4x4x4",1.8,10,0.112531730870568,0.0780616479853304,0.298305156875026,0,"operator_replay"
"gaussian_mask_template","validation","4x4x4",1.8,6,0.381258240443725,0.169190214978076,0.951084351235902,0,"operator_replay"
"gaussian_mask_template","external_validation","1p8x1p8x1p8",2.25,10,0.184859910170942,0.0994387584692086,0.186525032157019,0,"operator_replay"
"gaussian_mask_template","validation","1p8x1p8x1p8",2.25,6,0.295306336147284,0.152576961678148,0.293172332787599,0,"operator_replay"
"gaussian_mask_template","external_validation","1p8x1p8x4",2.25,10,0.196697572971926,0.116767364295566,0.315478198836424,0,"operator_replay"
"gaussian_mask_template","validation","1p8x1p8x4",2.25,6,0.402280821029306,0.197239355788234,0.414294473125858,0,"operator_replay"
"gaussian_mask_template","external_validation","1p8x4x1p8",2.25,10,0.311032449867964,0.182513730095876,0.295562006425011,0,"operator_replay"
"gaussian_mask_template","validation","1p8x4x1p8",2.25,6,0.41847442630827,0.242345153367538,0.429377036073678,0,"operator_replay"
"gaussian_mask_template","external_validation","1p8x4x4",2.25,10,0.329122166147135,0.23750849286238,0.732764518326487,0,"operator_replay"
"gaussian_mask_template","validation","1p8x4x4",2.25,6,0.628567849374611,0.301224489713731,0.594064993043641,1,"operator_replay"
"gaussian_mask_template","external_validation","2p1x2p1x2p1",2.25,10,0.175463809078303,0.101796114486938,0.193240804212883,0,"operator_replay"
"gaussian_mask_template","validation","2p1x2p1x2p1",2.25,6,0.317432185326239,0.162696987602099,0.369464370988788,0,"operator_replay"
"gaussian_mask_template","external_validation","2p1x2p8x3p7",2.25,10,0.144538474614627,0.0906353461496285,0.329465555168276,0,"operator_replay"
"gaussian_mask_template","validation","2p1x2p8x3p7",2.25,6,0.481716447554758,0.212935870867184,0.505175105739051,0,"operator_replay"
"gaussian_mask_template","external_validation","2p8x2p8x2p8",2.25,10,0.238244590023178,0.123387933568657,0.412228541025939,0,"operator_replay"
"gaussian_mask_template","validation","2p8x2p8x2p8",2.25,6,0.407367218133293,0.196917655645456,0.659772734887214,0,"operator_replay"
"gaussian_mask_template","external_validation","2x2x2",2.25,10,0.221111192347017,0.123178543984076,0.273712332540867,0,"operator_replay"
"gaussian_mask_template","validation","2x2x2",2.25,6,0.310495425473654,0.160357560155845,0.341116076421995,0,"operator_replay"
"gaussian_mask_template","external_validation","2x2x4",2.25,10,0.246928753905878,0.160625250063748,0.430788529209674,0,"operator_replay"
"gaussian_mask_template","validation","2x2x4",2.25,6,0.399355379999283,0.19520045459322,0.439484711686373,0,"operator_replay"
"gaussian_mask_template","external_validation","3p6x3p6x3p6",2.25,10,0.275372205146168,0.146388503881936,0.659586985927159,0,"operator_replay"
"gaussian_mask_template","validation","3p6x3p6x3p6",2.25,6,0.50351752905723,0.228796555353986,1.12674617551595,1,"operator_replay"
"gaussian_mask_template","external_validation","4x1p8x1p8",2.25,10,0.30153270702356,0.183865258791751,0.301955730549179,0,"operator_replay"
"gaussian_mask_template","validation","4x1p8x1p8",2.25,6,0.294055297584576,0.208589431563011,0.438064232258272,0,"operator_replay"
"gaussian_mask_template","external_validation","4x1p8x4",2.25,10,0.409203400296527,0.280551546175852,0.727297790599216,0,"operator_replay"
"gaussian_mask_template","validation","4x1p8x4",2.25,6,0.44942007115431,0.283530794128148,0.560993533310917,0,"operator_replay"
"gaussian_mask_template","external_validation","4x4x1p8",2.25,10,0.48548976578368,0.344916237992839,0.741340262302727,0,"operator_replay"
"gaussian_mask_template","validation","4x4x1p8",2.25,6,0.44532099002449,0.297637610639122,0.546176238411886,0,"operator_replay"
"gaussian_mask_template","external_validation","4x4x4",2.25,10,0.143202808684046,0.102309016399846,0.374524160842384,0,"operator_replay"
"gaussian_mask_template","validation","4x4x4",2.25,6,0.533505935459595,0.246464254204202,1.34551595375911,1,"operator_replay"
"gaussian_mask_template","external_validation","1p8x1p8x1p8",2.7,10,0.243766327986894,0.130000564987836,0.254330967223425,0,"operator_replay"
"gaussian_mask_template","validation","1p8x1p8x1p8",2.7,6,0.396185438922142,0.210100569740411,0.391465115124166,0,"operator_replay"
"gaussian_mask_template","external_validation","1p8x1p8x4",2.7,10,0.277633811039055,0.165961848446891,0.516776778068951,0,"operator_replay"
"gaussian_mask_template","validation","1p8x1p8x4",2.7,6,0.570995591184216,0.278772856862884,0.523601984224913,1,"operator_replay"
"gaussian_mask_template","external_validation","1p8x4x1p8",2.7,10,0.396320177513236,0.243352725534601,0.496996975706817,0,"operator_replay"
"gaussian_mask_template","validation","1p8x4x1p8",2.7,6,0.592614098047023,0.344684922946265,0.557791424483949,1,"operator_replay"
"gaussian_mask_template","external_validation","1p8x4x4",2.7,10,0.432064527982436,0.313474655459967,0.959777328021005,0,"operator_replay"
"gaussian_mask_template","validation","1p8x4x4",2.7,6,0.911653433033554,0.432677326490765,0.82777332654439,2,"operator_replay"
"gaussian_mask_template","external_validation","2p1x2p1x2p1",2.7,10,0.224817046820753,0.131149038340134,0.253269335737959,0,"operator_replay"
"gaussian_mask_template","validation","2p1x2p1x2p1",2.7,6,0.43190305952929,0.226001148439403,0.499071676362617,0,"operator_replay"
"gaussian_mask_template","external_validation","2p1x2p8x3p7",2.7,10,0.190522769596687,0.117909438944406,0.451694480242312,0,"operator_replay"
"gaussian_mask_template","validation","2p1x2p8x3p7",2.7,6,0.661490540713285,0.296288547009382,0.651439455922727,1,"operator_replay"
"gaussian_mask_template","external_validation","2p8x2p8x2p8",2.7,10,0.285994833018913,0.147587059875333,0.502728091891091,0,"operator_replay"
"gaussian_mask_template","validation","2p8x2p8x2p8",2.7,6,0.542150467801647,0.271479473395758,0.875066356277076,1,"operator_replay"
"gaussian_mask_template","external_validation","2x2x2",2.7,10,0.283376756901161,0.153825720567251,0.357408412453547,0,"operator_replay"
"gaussian_mask_template","validation","2x2x2",2.7,6,0.422123518533456,0.222586712945936,0.462375737258928,0,"operator_replay"
"gaussian_mask_template","external_validation","2x2x4",2.7,10,0.347518695349232,0.225846163390969,0.646964366422599,0,"operator_replay"
"gaussian_mask_template","validation","2x2x4",2.7,6,0.571661843625156,0.278387815452478,0.576941327031641,1,"operator_replay"
"gaussian_mask_template","external_validation","3p6x3p6x3p6",2.7,10,0.308232879529705,0.153871670507682,0.714772541119469,0,"operator_replay"
"gaussian_mask_template","validation","3p6x3p6x3p6",2.7,6,0.634072544887561,0.304299423082206,1.3925305003388,1,"operator_replay"
"gaussian_mask_template","external_validation","4x1p8x1p8",2.7,10,0.384160077202712,0.233041174125047,0.478450346647222,0,"operator_replay"
"gaussian_mask_template","validation","4x1p8x1p8",2.7,6,0.426639493723161,0.298036116597727,0.561968340223268,0,"operator_replay"
"gaussian_mask_template","external_validation","4x1p8x4",2.7,10,0.537701433715547,0.36476243601059,0.926429015252584,1,"operator_replay"
"gaussian_mask_template","validation","4x1p8x4",2.7,6,0.670227648418634,0.404686355281121,0.788989018912824,1,"operator_replay"
"gaussian_mask_template","external_validation","4x4x1p8",2.7,10,0.616981629947677,0.453359290751772,0.955716051701211,3,"operator_replay"
"gaussian_mask_template","validation","4x4x1p8",2.7,6,0.596392996658138,0.408170740066754,0.759464337619542,2,"operator_replay"
"gaussian_mask_template","external_validation","4x4x4",2.7,10,0.182231512169454,0.128381263798408,0.480845095505522,0,"operator_replay"
"gaussian_mask_template","validation","4x4x4",2.7,6,0.652748119166325,0.323030659338056,1.58697862409314,1,"operator_replay"
"gaussian_mask_template","external_validation","1p8x1p8x1p8",3,10,0.284786724328298,0.15097648278923,0.307609825759021,0,"operator_replay"
"gaussian_mask_template","validation","1p8x1p8x1p8",3,6,0.471934847084133,0.254493806303971,0.465420221514589,0,"operator_replay"
"gaussian_mask_template","external_validation","1p8x1p8x4",3,10,0.332143873775578,0.20072585297417,0.630569846637947,0,"operator_replay"
"gaussian_mask_template","validation","1p8x1p8x4",3,6,0.705531504388314,0.344629222517916,0.623390251895016,1,"operator_replay"
"gaussian_mask_template","external_validation","1p8x4x1p8",3,10,0.452221530035682,0.28661039367792,0.612256054056963,0,"operator_replay"
"gaussian_mask_template","validation","1p8x4x1p8",3,6,0.726955169181302,0.420990714003783,0.661336511534509,1,"operator_replay"
"gaussian_mask_template","external_validation","1p8x4x4",3,10,0.53367460254758,0.379061947460052,1.0560723986949,2,"operator_replay"
"gaussian_mask_template","validation","1p8x4x4",3,6,1.09976434849396,0.522088886723512,0.948208360763603,2,"operator_replay"
"gaussian_mask_template","external_validation","2p1x2p1x2p1",3,10,0.266497834067599,0.151898181280096,0.317146182578713,0,"operator_replay"
"gaussian_mask_template","validation","2p1x2p1x2p1",3,6,0.511593436875114,0.275077687520741,0.582374599906707,1,"operator_replay"
"gaussian_mask_template","external_validation","2p1x2p8x3p7",3,10,0.217984567774936,0.132038344810073,0.528045548814944,0,"operator_replay"
"gaussian_mask_template","validation","2p1x2p8x3p7",3,6,0.783206069570946,0.35552581858568,0.775167615549119,2,"operator_replay"
"gaussian_mask_template","external_validation","2p8x2p8x2p8",3,10,0.296875452276892,0.15450741156513,0.501316033432934,0,"operator_replay"
"gaussian_mask_template","validation","2p8x2p8x2p8",3,6,0.634116297489413,0.325986126417267,1.01649702030807,1,"operator_replay"
"gaussian_mask_template","external_validation","2x2x2",3,10,0.333099822993101,0.183978624869673,0.437597773228032,0,"operator_replay"
"gaussian_mask_template","validation","2x2x2",3,6,0.503490500202042,0.271024475239402,0.546441390503384,1,"operator_replay"
"gaussian_mask_template","external_validation","2x2x4",3,10,0.437685815549712,0.294853653458307,0.795863894285221,0,"operator_replay"
"gaussian_mask_template","validation","2x2x4",3,6,0.688910702663348,0.340504160990153,0.669320192986914,1,"operator_replay"
"gaussian_mask_template","external_validation","3p6x3p6x3p6",3,10,0.266916889286434,0.147225637102715,0.514637234983285,0,"operator_replay"
"gaussian_mask_template","validation","3p6x3p6x3p6",3,6,0.67978713515986,0.35337421709231,1.39263809672938,1,"operator_replay"
"gaussian_mask_template","external_validation","4x1p8x1p8",3,10,0.43906421971187,0.269967990275698,0.577577635513697,0,"operator_replay"
"gaussian_mask_template","validation","4x1p8x1p8",3,6,0.530293260396856,0.366031753964467,0.659557583218469,1,"operator_replay"
"gaussian_mask_template","external_validation","4x1p8x4",3,10,0.635599676526629,0.437856755771169,1.00309929238884,4,"operator_replay"
"gaussian_mask_template","validation","4x1p8x4",3,6,0.811643189342555,0.488785142727714,0.906978845768116,4,"operator_replay"
"gaussian_mask_template","external_validation","4x4x1p8",3,10,0.726499832072039,0.541984538206828,1.0399670458348,5,"operator_replay"
"gaussian_mask_template","validation","4x4x1p8",3,6,0.71953763245007,0.494382567856485,0.87087482969201,3,"operator_replay"
"gaussian_mask_template","external_validation","4x4x4",3,10,0.262738127586258,0.187751209267469,0.774621787730581,0,"operator_replay"
"gaussian_mask_template","validation","4x4x4",3,6,0.680094085972541,0.37068292064415,1.51377322452085,1,"operator_replay"
"gaussian_nomask_template","external_validation","1p8x1p8x1p8",1.5,10,0.10159910525453,0.056191061117549,0.0793764214557457,0,"operator_replay"
"gaussian_nomask_template","validation","1p8x1p8x1p8",1.5,6,0.308127142904822,0.144362326849716,0.375217883256083,0,"operator_replay"
"gaussian_nomask_template","external_validation","1p8x1p8x4",1.5,10,0.190000490064765,0.118091364310941,0.374377981487474,0,"operator_replay"
"gaussian_nomask_template","validation","1p8x1p8x4",1.5,6,0.332190912857108,0.159346988303514,0.29880458929462,0,"operator_replay"
"gaussian_nomask_template","external_validation","1p8x4x1p8",1.5,10,0.227203034428905,0.136255010842969,0.339233833857628,0,"operator_replay"
"gaussian_nomask_template","validation","1p8x4x1p8",1.5,6,0.343948248503759,0.17337694237022,0.321670077492524,0,"operator_replay"
"gaussian_nomask_template","external_validation","1p8x4x4",1.5,10,0.222784208960479,0.16407418996969,0.475099830787803,0,"operator_replay"
"gaussian_nomask_template","validation","1p8x4x4",1.5,6,0.44209364738258,0.197369165478066,0.511902655547875,0,"operator_replay"
"gaussian_nomask_template","external_validation","2p1x2p1x2p1",1.5,10,0.11126303226028,0.0618219543751174,0.108070100608564,0,"operator_replay"
"gaussian_nomask_template","validation","2p1x2p1x2p1",1.5,6,0.309063221483015,0.142887430278326,0.429111906174143,0,"operator_replay"
"gaussian_nomask_template","external_validation","2p1x2p8x3p7",1.5,10,0.111683566004819,0.0700523242256964,0.222055563967952,0,"operator_replay"
"gaussian_nomask_template","validation","2p1x2p8x3p7",1.5,6,0.384038838323138,0.16514065531791,0.518048704510186,0,"operator_replay"
"gaussian_nomask_template","external_validation","2p8x2p8x2p8",1.5,10,0.144262958042336,0.0768179316921329,0.216840456977699,0,"operator_replay"
"gaussian_nomask_template","validation","2p8x2p8x2p8",1.5,6,0.339924532973609,0.155052716094342,0.611941274814636,0,"operator_replay"
"gaussian_nomask_template","external_validation","2x2x2",1.5,10,0.156340761048341,0.0931368256532266,0.196222596385157,0,"operator_replay"
"gaussian_nomask_template","validation","2x2x2",1.5,6,0.307850620930644,0.143353879493649,0.40735034260056,0,"operator_replay"
"gaussian_nomask_template","external_validation","2x2x4",1.5,10,0.17080805205943,0.126414445650398,0.413820355686989,0,"operator_replay"
"gaussian_nomask_template","validation","2x2x4",1.5,6,0.336747476794931,0.156612678391617,0.355968347263512,0,"operator_replay"
"gaussian_nomask_template","external_validation","3p6x3p6x3p6",1.5,10,0.154847747275225,0.0827543094505667,0.342988570213365,0,"operator_replay"
"gaussian_nomask_template","validation","3p6x3p6x3p6",1.5,6,0.388761120291813,0.166752601468148,0.867558323085682,0,"operator_replay"
"gaussian_nomask_template","external_validation","4x1p8x1p8",1.5,10,0.21837536467371,0.147022582566308,0.35001174473869,0,"operator_replay"
"gaussian_nomask_template","validation","4x1p8x1p8",1.5,6,0.248037739598532,0.140287295966749,0.340281905082687,0,"operator_replay"
"gaussian_nomask_template","external_validation","4x1p8x4",1.5,10,0.265966334236967,0.193765888558282,0.479692739151463,0,"operator_replay"
"gaussian_nomask_template","validation","4x1p8x4",1.5,6,0.306809894227344,0.183973861591497,0.515476260103322,0,"operator_replay"
"gaussian_nomask_template","external_validation","4x4x1p8",1.5,10,0.348865440455769,0.240605619541258,0.483431040376136,0,"operator_replay"
"gaussian_nomask_template","validation","4x4x1p8",1.5,6,0.28495248978685,0.208956722717273,0.560645957616059,0,"operator_replay"
"gaussian_nomask_template","external_validation","4x4x4",1.5,10,0.136715886369775,0.0815987485268125,0.395170978686711,0,"operator_replay"
"gaussian_nomask_template","validation","4x4x4",1.5,6,0.404013513681977,0.175464560285113,0.991824575117395,0,"operator_replay"
"gaussian_nomask_template","external_validation","1p8x1p8x1p8",1.8,10,0.176170664798225,0.0918963052733713,0.187975823190589,0,"operator_replay"
"gaussian_nomask_template","validation","1p8x1p8x1p8",1.8,6,0.334126522882625,0.158665537276963,0.37522428301433,0,"operator_replay"
"gaussian_nomask_template","external_validation","1p8x1p8x4",1.8,10,0.201104321145514,0.140260662339351,0.418255457503526,0,"operator_replay"
"gaussian_nomask_template","validation","1p8x1p8x4",1.8,6,0.393583854315155,0.191737790853325,0.390743579625516,0,"operator_replay"
"gaussian_nomask_template","external_validation","1p8x4x1p8",1.8,10,0.305909164777605,0.189514411959888,0.41010306425185,0,"operator_replay"
"gaussian_nomask_template","validation","1p8x4x1p8",1.8,6,0.413256083899086,0.226165108898009,0.42525200774732,0,"operator_replay"
"gaussian_nomask_template","external_validation","1p8x4x4",1.8,10,0.247524768171372,0.168399937320922,0.443209524382034,0,"operator_replay"
"gaussian_nomask_template","validation","1p8x4x4",1.8,6,0.578418245508452,0.250589180478939,0.738993532306886,1,"operator_replay"
"gaussian_nomask_template","external_validation","2p1x2p1x2p1",1.8,10,0.17387862777494,0.0887714260099485,0.210573131068372,0,"operator_replay"
"gaussian_nomask_template","validation","2p1x2p1x2p1",1.8,6,0.34238567028002,0.161673506098913,0.440439782242741,0,"operator_replay"
"gaussian_nomask_template","external_validation","2p1x2p8x3p7",1.8,10,0.102224967917546,0.0666742928759911,0.225070883970417,0,"operator_replay"
"gaussian_nomask_template","validation","2p1x2p8x3p7",1.8,6,0.461854908231621,0.185106156728884,0.6385396197649,0,"operator_replay"
"gaussian_nomask_template","external_validation","2p8x2p8x2p8",1.8,10,0.174240856679555,0.0920160498084184,0.27778743937685,0,"operator_replay"
"gaussian_nomask_template","validation","2p8x2p8x2p8",1.8,6,0.397146548269333,0.18380526768702,0.675982345056692,0,"operator_replay"
"gaussian_nomask_template","external_validation","2x2x2",1.8,10,0.226441094469006,0.14041613176848,0.306307639919686,0,"operator_replay"
"gaussian_nomask_template","validation","2x2x2",1.8,6,0.338714571189388,0.160360198095271,0.414350146564154,0,"operator_replay"
"gaussian_nomask_template","external_validation","2x2x4",1.8,10,0.226215500231831,0.161423463496753,0.464999329410714,0,"operator_replay"
"gaussian_nomask_template","validation","2x2x4",1.8,6,0.404435523457999,0.188876596944824,0.467475523730862,0,"operator_replay"
"gaussian_nomask_template","external_validation","3p6x3p6x3p6",1.8,10,0.204972037400303,0.107161991201311,0.501786316119768,0,"operator_replay"
"gaussian_nomask_template","validation","3p6x3p6x3p6",1.8,6,0.469140635094654,0.206579647588998,1.0027155449913,0,"operator_replay"
"gaussian_nomask_template","external_validation","4x1p8x1p8",1.8,10,0.295418187855386,0.196310888526231,0.422072086824588,0,"operator_replay"
"gaussian_nomask_template","validation","4x1p8x1p8",1.8,6,0.289291787923229,0.19460837346927,0.437142374942066,0,"operator_replay"
"gaussian_nomask_template","external_validation","4x1p8x4",1.8,10,0.306467779561097,0.20429001299888,0.42883672126594,0,"operator_replay"
"gaussian_nomask_template","validation","4x1p8x4",1.8,6,0.404263077213621,0.238550137972167,0.73213713473851,0,"operator_replay"
"gaussian_nomask_template","external_validation","4x4x1p8",1.8,10,0.403327926549338,0.271482333731415,0.445948350849479,0,"operator_replay"
"gaussian_nomask_template","validation","4x4x1p8",1.8,6,0.358583202027886,0.277887200252511,0.78813958474237,0,"operator_replay"
"gaussian_nomask_template","external_validation","4x4x4",1.8,10,0.127900749925376,0.0854117236789003,0.353372687335256,0,"operator_replay"
"gaussian_nomask_template","validation","4x4x4",1.8,6,0.489445120550221,0.216066271654188,1.1411038892152,0,"operator_replay"
"gaussian_nomask_template","external_validation","1p8x1p8x1p8",2.25,10,0.272820675273913,0.157862095870877,0.327717561044875,0,"operator_replay"
"gaussian_nomask_template","validation","1p8x1p8x1p8",2.25,6,0.39103845624532,0.208027034559557,0.39869495935861,0,"operator_replay"
"gaussian_nomask_template","external_validation","1p8x1p8x4",2.25,10,0.261378533933229,0.168744707666343,0.446443913978914,0,"operator_replay"
"gaussian_nomask_template","validation","1p8x1p8x4",2.25,6,0.517631808768233,0.253832671430724,0.557596624438571,1,"operator_replay"
"gaussian_nomask_template","external_validation","1p8x4x1p8",2.25,10,0.383375237448975,0.240157193139296,0.452220463777301,0,"operator_replay"
"gaussian_nomask_template","validation","1p8x4x1p8",2.25,6,0.546638775405873,0.315732834024661,0.609400022578914,1,"operator_replay"
"gaussian_nomask_template","external_validation","1p8x4x4",2.25,10,0.263582804171814,0.172546931816481,0.405796970655832,0,"operator_replay"
"gaussian_nomask_template","validation","1p8x4x4",2.25,6,0.790665037642241,0.339634624708467,0.960468944366887,2,"operator_replay"
"gaussian_nomask_template","external_validation","2p1x2p1x2p1",2.25,10,0.249661146361822,0.131838263260526,0.33300172886915,0,"operator_replay"
"gaussian_nomask_template","validation","2p1x2p1x2p1",2.25,6,0.41431068147799,0.216029958612798,0.490752275838566,0,"operator_replay"
"gaussian_nomask_template","external_validation","2p1x2p8x3p7",2.25,10,0.158434520096141,0.0857113787704424,0.294795301948229,0,"operator_replay"
"gaussian_nomask_template","validation","2p1x2p8x3p7",2.25,6,0.610220037349449,0.245855132348797,0.800021240696548,1,"operator_replay"
"gaussian_nomask_template","external_validation","2p8x2p8x2p8",2.25,10,0.210724670057551,0.117462701275976,0.344169959021183,0,"operator_replay"
"gaussian_nomask_template","validation","2p8x2p8x2p8",2.25,6,0.504036253653734,0.247254956103766,0.800902494960543,1,"operator_replay"
"gaussian_nomask_template","external_validation","2x2x2",2.25,10,0.312093976782764,0.194042293060442,0.441346132169399,0,"operator_replay"
"gaussian_nomask_template","validation","2x2x2",2.25,6,0.407128953302119,0.214476645532817,0.457231569185013,0,"operator_replay"
"gaussian_nomask_template","external_validation","2x2x4",2.25,10,0.275306661422494,0.181633438179245,0.478626141378002,0,"operator_replay"
"gaussian_nomask_template","validation","2x2x4",2.25,6,0.535449436947292,0.250715374977189,0.651370129768564,1,"operator_replay"
"gaussian_nomask_template","external_validation","3p6x3p6x3p6",2.25,10,0.244315825639449,0.125121302487289,0.612844963855245,0,"operator_replay"
"gaussian_nomask_template","validation","3p6x3p6x3p6",2.25,6,0.581210349265792,0.273414200554368,1.16274237058652,1,"operator_replay"
"gaussian_nomask_template","external_validation","4x1p8x1p8",2.25,10,0.372563143908317,0.233870354365052,0.460917368409548,0,"operator_replay"
"gaussian_nomask_template","validation","4x1p8x1p8",2.25,6,0.377345663148964,0.272106033468397,0.604108030534955,0,"operator_replay"
"gaussian_nomask_template","external_validation","4x1p8x4",2.25,10,0.336664285529784,0.210308645757234,0.372499966330569,0,"operator_replay"
"gaussian_nomask_template","validation","4x1p8x4",2.25,6,0.563576162970174,0.315084568615728,0.944287881579898,1,"operator_replay"
"gaussian_nomask_template","external_validation","4x4x1p8",2.25,10,0.459959092476722,0.30261176829177,0.408396188942376,0,"operator_replay"
"gaussian_nomask_template","validation","4x4x1p8",2.25,6,0.471320309228589,0.365298365277218,1.00817661968974,0,"operator_replay"
"gaussian_nomask_template","external_validation","4x4x4",2.25,10,0.144164109403389,0.100055183739098,0.36368672184013,0,"operator_replay"
"gaussian_nomask_template","validation","4x4x4",2.25,6,0.59200786253419,0.278062318500918,1.30051450570169,1,"operator_replay"
"gaussian_nomask_template","external_validation","1p8x1p8x1p8",2.7,10,0.351329443683695,0.208159007448168,0.442384400765132,0,"operator_replay"
"gaussian_nomask_template","validation","1p8x1p8x1p8",2.7,6,0.451701787303396,0.273740001087864,0.432284034830458,0,"operator_replay"
"gaussian_nomask_template","external_validation","1p8x1p8x4",2.7,10,0.29872562705728,0.180696811063018,0.449912531651242,0,"operator_replay"
"gaussian_nomask_template","validation","1p8x1p8x4",2.7,6,0.652433946522019,0.317905511599335,0.695754723390067,1,"operator_replay"
"gaussian_nomask_template","external_validation","1p8x4x1p8",2.7,10,0.438164594259177,0.275160978595178,0.478209458972699,0,"operator_replay"
"gaussian_nomask_template","validation","1p8x4x1p8",2.7,6,0.688411479854715,0.403204195314044,0.760446802468822,1,"operator_replay"
"gaussian_nomask_template","external_validation","1p8x4x4",2.7,10,0.30112115816267,0.195223618794396,0.429746897737086,0,"operator_replay"
"gaussian_nomask_template","validation","1p8x4x4",2.7,6,0.970517548796895,0.425742455939158,1.08410691022641,2,"operator_replay"
"gaussian_nomask_template","external_validation","2p1x2p1x2p1",2.7,10,0.307216736087768,0.16609932785466,0.425804235240756,0,"operator_replay"
"gaussian_nomask_template","validation","2p1x2p1x2p1",2.7,6,0.498821674370964,0.279221768763535,0.556112698110117,0,"operator_replay"
"gaussian_nomask_template","external_validation","2p1x2p8x3p7",2.7,10,0.202001880355442,0.105147571747269,0.372736154181002,0,"operator_replay"
"gaussian_nomask_template","validation","2p1x2p8x3p7",2.7,6,0.759010788512498,0.315084237409703,0.90348092833845,2,"operator_replay"
"gaussian_nomask_template","external_validation","2p8x2p8x2p8",2.7,10,0.234594458109024,0.143633522503701,0.380764582071542,0,"operator_replay"
"gaussian_nomask_template","validation","2p8x2p8x2p8",2.7,6,0.614075948937277,0.314127658909422,0.904736874803744,1,"operator_replay"
"gaussian_nomask_template","external_validation","2x2x2",2.7,10,0.375433697876546,0.230323293200905,0.542510283199854,0,"operator_replay"
"gaussian_nomask_template","validation","2x2x2",2.7,6,0.485415364229823,0.279875527142543,0.511038902759948,0,"operator_replay"
"gaussian_nomask_template","external_validation","2x2x4",2.7,10,0.301885267789615,0.186866523766043,0.478575782492982,0,"operator_replay"
"gaussian_nomask_template","validation","2x2x4",2.7,6,0.678378158383822,0.314839583046083,0.793659371507806,1,"operator_replay"
"gaussian_nomask_template","external_validation","3p6x3p6x3p6",2.7,10,0.24880005873644,0.138948397149913,0.593705016502907,0,"operator_replay"
"gaussian_nomask_template","validation","3p6x3p6x3p6",2.7,6,0.670711581667758,0.334691089816669,1.25823194676481,1,"operator_replay"
"gaussian_nomask_template","external_validation","4x1p8x1p8",2.7,10,0.426236377797522,0.259344934202159,0.477741993383748,0,"operator_replay"
"gaussian_nomask_template","validation","4x1p8x1p8",2.7,6,0.477613336300413,0.349073816209696,0.743249660488898,0,"operator_replay"
"gaussian_nomask_template","external_validation","4x1p8x4",2.7,10,0.368957061784837,0.231461401219532,0.376530395189679,0,"operator_replay"
"gaussian_nomask_template","validation","4x1p8x4",2.7,6,0.693144061106908,0.384312959386169,1.0383491714349,2,"operator_replay"
"gaussian_nomask_template","external_validation","4x4x1p8",2.7,10,0.524251171613589,0.350956166771772,0.4339096759215,1,"operator_replay"
"gaussian_nomask_template","validation","4x4x1p8",2.7,6,0.557122192050115,0.453929169986828,1.11696927894626,3,"operator_replay"
"gaussian_nomask_template","external_validation","4x4x4",2.7,10,0.164555953467818,0.119745164595159,0.41900419903028,0,"operator_replay"
"gaussian_nomask_template","validation","4x4x4",2.7,6,0.655722136666219,0.330299906941516,1.30937614865305,1,"operator_replay"
"gaussian_nomask_template","external_validation","1p8x1p8x1p8",3,10,0.381964539201491,0.220450241197315,0.479628792785424,0,"operator_replay"
"gaussian_nomask_template","validation","1p8x1p8x1p8",3,6,0.524965316553629,0.317395748565731,0.489852092541383,1,"operator_replay"
"gaussian_nomask_template","external_validation","1p8x1p8x4",3,10,0.303906773876531,0.178304506735696,0.438186303563008,0,"operator_replay"
"gaussian_nomask_template","validation","1p8x1p8x4",3,6,0.767057615043695,0.36482230840221,0.791034890548532,1,"operator_replay"
"gaussian_nomask_template","external_validation","1p8x4x1p8",3,10,0.459142674933541,0.285009775594278,0.483960795571514,0,"operator_replay"
"gaussian_nomask_template","validation","1p8x4x1p8",3,6,0.804926565909043,0.46239143868343,0.862439512923059,2,"operator_replay"
"gaussian_nomask_template","external_validation","1p8x4x4",3,10,0.325732472925257,0.204521766298679,0.444172758418455,0,"operator_replay"
"gaussian_nomask_template","validation","1p8x4x4",3,6,1.10716832241695,0.487188827174924,1.1741344413954,2,"operator_replay"
"gaussian_nomask_template","external_validation","2p1x2p1x2p1",3,10,0.325906894406464,0.177515780166399,0.4440126927279,0,"operator_replay"
"gaussian_nomask_template","validation","2p1x2p1x2p1",3,6,0.584522776486284,0.323622205637077,0.648683244813137,1,"operator_replay"
"gaussian_nomask_template","external_validation","2p1x2p8x3p7",3,10,0.238916695484092,0.117199032375463,0.42646024530146,0,"operator_replay"
"gaussian_nomask_template","validation","2p1x2p8x3p7",3,6,0.877555134708095,0.367305763271512,1.02312056863325,2,"operator_replay"
"gaussian_nomask_template","external_validation","2p8x2p8x2p8",3,10,0.260500802089161,0.16047564447018,0.432957224904358,0,"operator_replay"
"gaussian_nomask_template","validation","2p8x2p8x2p8",3,6,0.70248897910268,0.361121775706224,1.01217144308287,1,"operator_replay"
"gaussian_nomask_template","external_validation","2x2x2",3,10,0.397410161877037,0.236305964044214,0.568608161191928,0,"operator_replay"
"gaussian_nomask_template","validation","2x2x2",3,6,0.569825196270223,0.324462665861369,0.59762197759285,1,"operator_replay"
"gaussian_nomask_template","external_validation","2x2x4",3,10,0.305700010742897,0.182017528689441,0.468239286224023,0,"operator_replay"
"gaussian_nomask_template","validation","2x2x4",3,6,0.789229767892851,0.3597784613221,0.882893875947634,2,"operator_replay"
"gaussian_nomask_template","external_validation","3p6x3p6x3p6",3,10,0.251349418864649,0.152079654031947,0.567573622621811,0,"operator_replay"
"gaussian_nomask_template","validation","3p6x3p6x3p6",3,6,0.730286249049037,0.373235904305771,1.3225524557828,1,"operator_replay"
"gaussian_nomask_template","external_validation","4x1p8x1p8",3,10,0.447700310014001,0.268550624450905,0.477579812888708,0,"operator_replay"
"gaussian_nomask_template","validation","4x1p8x1p8",3,6,0.567614715365615,0.401703183013907,0.838863733749768,1,"operator_replay"
"gaussian_nomask_template","external_validation","4x1p8x4",3,10,0.372968269772883,0.235453157644764,0.365358203913537,0,"operator_replay"
"gaussian_nomask_template","validation","4x1p8x4",3,6,0.797540949387391,0.428864558584798,1.12409094045745,2,"operator_replay"
"gaussian_nomask_template","external_validation","4x4x1p8",3,10,0.558288505327152,0.37539541887844,0.447529759749871,2,"operator_replay"
"gaussian_nomask_template","validation","4x4x1p8",3,6,0.610025707814321,0.504383580276359,1.19225621300348,4,"operator_replay"
"gaussian_nomask_template","external_validation","4x4x4",3,10,0.193664949918232,0.131733874536673,0.511798826877218,0,"operator_replay"
"gaussian_nomask_template","validation","4x4x4",3,6,0.691295201081462,0.367074595031703,1.2850508429139,1,"operator_replay"
